id,category,name
62,solitaire,A-Maze
64,solitaire,A-Maze 4
1677,solitaire,A-Maze 4 Random
29,solitaire,A-Maze 5
65,solitaire,A-Maze 6
63,solitaire,A-Maze II
19,solitaire,A-Maze III
1173,solitaire,A-Maze Run
1208,solitaire,A-Maze Run II
66,solitaire,A-to-Z
1675,solitaire,Adding machine
1049,solitaire,Adec
1141,solitaire,Adec-Del
1050,solitaire,Adec-dia
1797,solitaire,AepasA Chess
67,solitaire,African Tour
3,solitaire,Alive
6,solitaire,Alive Auto
4,solitaire,Alive II
68,solitaire,All Setris
73,solitaire,Alternate
1869,solitaire,Anagram Crosswords
74,solitaire,Angel Maze
76,solitaire,Ant
77,solitaire,Ant II
1080,solitaire,Aperiodic Tilings
1132,solitaire,Area Solo
1343,solitaire,Area Solver
1715,solitaire,Arrowway
1485,solitaire,Asian Tour
78,solitaire,Atomic Puzzle
1452,solitaire,Axiom Development Kit
1502,solitaire,Axiom Made Easy
1741,solitaire,Axiomatic Bauhaus
1517,solitaire,Axiomatic ESP
1512,solitaire,Axiomatic Metronome
1509,solitaire,Axiomatic Timer
1404,checkmate,AAvant Chess
2072,checkmate,Abagoren Chess
38,checkmate,Abduction Chess
2092,checkmate,ABQ Chess
1612,checkmate,Accessory Chess
2086,checkmate,ACL Chess
1652,checkmate,Adjutant Chess
1931,checkmate,Advancing Chess (VRP)
1501,checkmate,AepasAs Chess
1810,checkmate,Aerial Chess 96
1407,checkmate,Airplane Chess
39,checkmate,Alekhine Chess
40,checkmate,Alice Chess
1029,checkmate,Alice Cubed
2096,checkmate,ALL Chess
41,checkmate,Almost Chess
1698,checkmate,Alpaca Chess
3002,checkmate,Alphabet Shogi (HOTIX)
3088,checkmate,AlphaZero Variants
1349,checkmate,Alseid Chess
1400,checkmate,Alternative Chess
1365,checkmate,Amazon Chess
1573,checkmate,AmazonA Chess
1586,checkmate,AmazonAs Chess
2048,checkmate,Amazons Chess
2052,checkmate,Amazons D�mA
1055,checkmate,Ambi-Chess
1484,checkmate,Ambiguous Chess
1316,checkmate,Amiral Chess
1888,checkmate,Ancient Shogi
2380,checkmate,Ancient shogi revised
1733,checkmate,Andalusia
3053,checkmate,Andernach Chess
2859,checkmate,Andernach Shogi
1436,checkmate,AndrAs Chess
1422,checkmate,Angel Chess
42,checkmate,Angle Chess
2712,checkmate,AnHoku Shogi
2715,checkmate,AnKi Shogi
2705,checkmate,AnNan Shogi
2849,checkmate,Anonymous Shogi
1660,checkmate,Anthony Chess
3061,checkmate,Anti Kiki AnNan Shogi
3071,checkmate,Anti Kiki Position Shogi
43,checkmate,Anti-King Chess
3049,checkmate,AntiCirce Chess Remaining
3048,checkmate,AntiCirce Chess Type Calvet
3047,checkmate,AntiCirce Chess Type Cheylan
2724,checkmate,AntiCirce Shogi
2710,checkmate,AnToZai Shogi
3073,checkmate,AnZen Shogi
2885,checkmate,AoZora Chu Shogi
1440,checkmate,Archbishop Chess Variants
1882,checkmate,ArenA Chess
3074,checkmate,Around Position Shogi
1707,checkmate,Arrangement Chess
2248,checkmate,As [Double Dropes] Chess
2249,checkmate,As [Double Zones] Chess
2235,checkmate,As [Dropes] Chess
2261,checkmate,As [Dual Dropes] Chess
2260,checkmate,As [Dual Zones] Chess
2326,checkmate,As [KosovA & T�rkiye Dropes] Chess
2354,checkmate,As [KosovA & T�rkiye Dropes] D�mA
2327,checkmate,As [KosovA & T�rkiye Zones] Chess
2355,checkmate,As [KosovA & T�rkiye Zones] D�mA
2341,checkmate,As [KosovAs & Turkish Dropes] Chess
2353,checkmate,As [KosovAs & Turkish Dropes] D�mA
2342,checkmate,As [KosovAs & Turkish Zones] Chess
2352,checkmate,As [KosovAs & Turkish Zones] D�mA
2290,checkmate,As [Marble & Rubble Dropes] Chess
2293,checkmate,As [Marble & Rubble Zones] Chess
2301,checkmate,As [Pawn & Pawn Dropes] Chess
2304,checkmate,As [Pawn & Pawn Zones] Chess
2314,checkmate,As [Pion & Pion Dropes] Chess
2320,checkmate,As [Pion & Pion Zones] Chess
2236,checkmate,As [Zones] Chess
2877,checkmate,Asakura Shogi
2044,checkmate,Ascension Chess
3173,checkmate,Asean Chess
44,checkmate,Assimilation Chess
82,checkmate,Assimilation Fusion Chess
1877,checkmate,Astralschach
1885,checkmate,Astralschach Enhanced
1638,checkmate,Asylum Chess
1734,checkmate,Asylum Redux
3054,checkmate,Asymmetric Chess
3072,checkmate,Asymmetric Chess 2
2250,checkmate,At [Double Dropes] Chess
2251,checkmate,At [Double Zones] Chess
2237,checkmate,At [Dropes] Chess
2259,checkmate,At [Dual Dropes] Chess
2258,checkmate,At [Dual Zones] Chess
2328,checkmate,At [KosovA & T�rkiye Dropes] Chess
2356,checkmate,At [KosovA & T�rkiye Dropes] D�mA
2329,checkmate,At [KosovA & T�rkiye Zones] Chess
2357,checkmate,At [KosovA & T�rkiye Zones] D�mA
2343,checkmate,At [KosovAs & Turkish Dropes] Chess
2358,checkmate,At [KosovAs & Turkish Dropes] D�mA
2344,checkmate,At [KosovAs & Turkish Zones] Chess
2359,checkmate,At [KosovAs & Turkish Zones] D�mA
2291,checkmate,At [Marble & Rubble Dropes] Chess
2294,checkmate,At [Marble & Rubble Zones] Chess
2302,checkmate,At [Pawn & Pawn Dropes] Chess
2305,checkmate,At [Pawn & Pawn Zones] Chess
2315,checkmate,At [Pion & Pion Dropes] Chess
2321,checkmate,At [Pion & Pion Zones] Chess
2238,checkmate,At [Zones] Chess
1438,checkmate,Atije Chess
83,checkmate,Atomic Chess
3099,checkmate,Augmented Knight Chess
1408,checkmate,AvantA Chess
1398,checkmate,AvantAs Chess
1416,checkmate,Aviation Chess
1659,checkmate,Azerbaijan Chess
18,other,A-Maze for Two
28,other,A-Maze for Two II
12,other,Abalone vari
2789,other,Aboyne
2398,other,Abstract Mancala
2607,other,Accelerated Draughts
1787,other,Adaptoid
1389,other,Advancing Chess
13,other,Africa University
2450,other,Afrika
2022,other,Aggression
2656,other,Agon
1904,other,Akasha
14,other,Akron
15,other,Alak
1894,other,Alak PM
37,other,Alapo
1670,other,AlbaniA Chess
1762,other,AlbaniA D�mA
1676,other,AlbaniAs Chess
1763,other,AlbaniAs D�mA
998,other,Alcazar
2486,other,All Queens Chess
16,other,Alta
17,other,Altairian
3050,other,Amazons
1604,other,AmericA Chess
1131,other,American Chess
1611,other,AmericAs Chess
2550,other,Anathem
30,other,Ancient Battles
31,other,Andantino
1653,other,Angel and Demon
32,other,Annexation
33,other,Annuvin
54,other,AntiStack4
55,other,Apex
56,other,Apex 5x5
57,other,Area
58,other,Aries
59,other,Arimaa
60,other,Armada
2278,other,As [Duel Dropes] Chess
2279,other,As [Duel Zones] Chess
2269,other,As [Duet Dropes] Chess
2270,other,As [Duet Zones] Chess
2178,other,As [DuoDrop vs] Chess
2156,other,As [DuoDrop] Chess
2177,other,As [DuoMino vs] Chess
2157,other,As [DuoMino] Chess
2191,other,As [PentoDrop vs] Chess
2171,other,As [PentoDrop] Chess
2190,other,As [PentoMino vs] Chess
2172,other,As [PentoMino] Chess
2200,other,As [PolyDrop vs] Chess
2195,other,As [PolyDrop] Chess
2199,other,As [PolyMino vs] Chess
2194,other,As [PolyMino] Chess
2208,other,As [RandoDrop vs] Chess
2201,other,As [RandoDrop] Chess
2207,other,As [RandoMino vs] Chess
2202,other,As [RandoMino] Chess
2186,other,As [TetroDrop vs] Chess
2166,other,As [TetroDrop] Chess
2185,other,As [TetroMino vs] Chess
2167,other,As [TetroMino] Chess
2182,other,As [TrioDrop vs] Chess
2161,other,As [TrioDrop] Chess
2181,other,As [TrioMino vs] Chess
2162,other,As [TrioMino] Chess
1128,other,Asalto
1144,other,Asian Leopard games
1289,other,Asian Tiger games
3063,other,Astral Checkers
2280,other,At [Duel Dropes] Chess
2281,other,At [Duel Zones] Chess
2271,other,At [Duet Dropes] Chess
2272,other,At [Duet Zones] Chess
2176,other,At [DuoDrop vs] Chess
2158,other,At [DuoDrop] Chess
2175,other,At [DuoMino vs] Chess
2159,other,At [DuoMino] Chess
2189,other,At [PentoDrop vs] Chess
2173,other,At [PentoDrop] Chess
2188,other,At [PentoMino vs] Chess
2174,other,At [PentoMino] Chess
2198,other,At [PolyDrop vs] Chess
2193,other,At [PolyDrop] Chess
2197,other,At [PolyMino vs] Chess
2192,other,At [PolyMino] Chess
2206,other,At [RandoDrop vs] Chess
2203,other,At [RandoDrop] Chess
2205,other,At [RandoMino vs] Chess
2204,other,At [RandoMino] Chess
2184,other,At [TetroDrop vs] Chess
2168,other,At [TetroDrop] Chess
2183,other,At [TetroMino vs] Chess
2169,other,At [TetroMino] Chess
2180,other,At [TrioDrop vs] Chess
2163,other,At [TrioDrop] Chess
2179,other,At [TrioMino vs] Chess
2164,other,At [TrioMino] Chess
61,other,Atomic
79,other,Atomic Pile
80,other,Atoms
970,other,Atvidaberg
81,other,Australian Football Chess
1656,other,Axiomatic Crusade
1486,other,Axiomatic Hello World
1471,other,Axiomatic Hex
1661,other,Axiomatic QuadWrangle
2282,other,Axiomatic Rithmomachy
2371,other,Axiomatic Senet
1453,other,Axiomatic Thrall
2883,other,Ayu
139,solitaire,B-Pento
21,solitaire,Backtrack
140,solitaire,Bad Neighbors
1241,solitaire,Balloon Mania
1233,solitaire,Balloons
1238,solitaire,Balloons II
1119,solitaire,Ballwalk
141,solitaire,Banded Cube
1856,solitaire,Barramba
1857,solitaire,Barramba II
1123,solitaire,Barrot
142,solitaire,Bauhaus
1038,solitaire,Big Mazes
1293,solitaire,Big Mazes II
1317,solitaire,Big Mazes III
20,solitaire,Billiard Balls
143,solitaire,Billiard Puzzle
144,solitaire,Binette
1739,solitaire,Bishop's puzzle
982,solitaire,Botany
145,solitaire,Bowls
2011,solitaire,BoxHex
2094,solitaire,BoxOff
1989,solitaire,BoxUp
2015,solitaire,BoxUp2
1124,solitaire,Braiding
1025,solitaire,Branches
146,solitaire,Bubbles
147,solitaire,Bubbles II
131,solitaire,Bump
1839,solitaire,Bump II
149,solitaire,Butterflies
2719,checkmate,Back Position Shogi
2097,checkmate,BAD Chess
84,checkmate,Bank Chess
3040,checkmate,Bare King Chess
1179,checkmate,Bario
1169,checkmate,Barion
1642,checkmate,Basilisk Chess
2737,checkmate,BasiliskKing Shogi
2795,checkmate,Bataille astrale
1811,checkmate,Battlefield Chess 64
1812,checkmate,Battlefield Chess 96
1350,checkmate,Belfry Chess
85,checkmate,Benedict Chess
86,checkmate,Better Pawns
87,checkmate,Biform Chess
88,checkmate,Big Battle
1077,checkmate,Big Pawn Chess
1625,checkmate,Birds and Ninjas
1441,checkmate,Bishop Pairs Chess 8H x 12W
2626,checkmate,Bishops Chess
89,checkmate,Black Hole Chess
1227,checkmate,Blindfold Chess
1192,checkmate,BlockChess
2622,checkmate,Blockula Chess
3003,checkmate,BobCat Chess
3004,checkmate,BobCat Chess Mis�re
3013,checkmate,BobCats Chess
3014,checkmate,BobCats Chess Mis�re
1360,checkmate,Bodyguard Chess
2091,checkmate,BOG Chess
1358,checkmate,Bolyar Chess
2243,checkmate,Bomb Chess
1379,checkmate,Bombardier Chess
92,checkmate,Bottleneck Chess
3103,checkmate,Bouncing Chess
2796,checkmate,Breakthru
93,checkmate,Brett Rules
1294,checkmate,Brigadier Chess
94,checkmate,Brotherhood Chess
95,checkmate,Bubble Chess
1318,checkmate,Buccaneer Chess
96,checkmate,Bughouse Chess
1203,checkmate,Burmese Chess
97,checkmate,Burnt Chess
98,checkmate,Byzantine Chess
107,other,Backgammon
1923,other,Bagels
108,other,BallaBalla
109,other,Barrier
1767,other,Bashne
1724,other,Basilisk
2797,other,Bataljo
110,other,Battle
111,other,Battle Lines
112,other,Battle of Britain
1156,other,BattleHalma
1265,other,Be-Jay
1597,other,Bear games
2118,other,Belgrade D�mA
2030,other,Bishops [StaleMate] Chess
113,other,Bivouac
114,other,Black & White
2619,other,Black and White
115,other,Blobs Deluxe
116,other,Blobz
121,other,Blue & Gray
122,other,Blue Nile
3005,other,BobCat D�mA
3006,other,BobCat D�mA Mis�re
3015,other,BobCats D�mA
3016,other,BobCats D�mA Mis�re
123,other,Boll's Game
2384,other,Bolotoudou
124,other,Bombalot
125,other,Bombardment
34,other,Boolean Rithmomachia
1180,other,BounceQuad
1167,other,Bouncers
387,other,Boyer's Football Chess
1447,other,Brax
35,other,Breakthrough
3212,other,Bricks
3220,other,Bricks2
126,other,British Square
127,other,Bubbles for Two
128,other,Bubbles for Two II
129,other,Buffalo
1272,other,Buga-shadara
130,other,Bugs
133,other,Bunny War
134,other,Bushi Shogi
135,other,Bushka
138,other,Butterfly
244,solitaire,Calculator
243,solitaire,Calendar
1824,solitaire,Camel Chess
1821,solitaire,Camelot Chess
245,solitaire,Capetown
1027,solitaire,Captour
246,solitaire,Capture-Nineteen Solitaire
1883,solitaire,Card-Accordion
247,solitaire,Card-Pairs
1843,solitaire,Carramba
1844,solitaire,Carramba II
1826,solitaire,CarrerA Chess
1828,solitaire,CarrerAs Chess
1536,solitaire,Castle Squares
249,solitaire,Cat & Mouse
1299,solitaire,Cat & Mouse 5
250,solitaire,Cat & Mouse II
251,solitaire,Cat & Mouse III
252,solitaire,Cat & Mouse IV
253,solitaire,Catch
254,solitaire,Cave
256,solitaire,Cave Critters
255,solitaire,Cave II
1685,solitaire,Cellus
1981,solitaire,Celtic Designs
1121,solitaire,Chain Reaction
1035,solitaire,Chains
1742,solitaire,Chameleon Chess Puzzles
257,solitaire,Chess-Maze
258,solitaire,Chess-Maze II
1958,solitaire,Chivalry Puzzle
1204,solitaire,City Tour
259,solitaire,Cleanup
260,solitaire,Cleanup II
261,solitaire,Cleanup III
262,solitaire,Clingon
263,solitaire,Clingon II
264,solitaire,Clingon III
975,solitaire,Code Cracker
1574,solitaire,Codebreaker
265,solitaire,Coin Hexagon
1781,solitaire,Coldice
1782,solitaire,Coldice II
1095,solitaire,Colorit
1852,solitaire,Colorit-Forced
1017,solitaire,Coloured Doors
266,solitaire,Comacube
1020,solitaire,Confix
1019,solitaire,Connect Dots
2111,solitaire,ConTact
2122,solitaire,ConTact1
2116,solitaire,ConTact2
2123,solitaire,ConTact3
1786,solitaire,Coverage
267,solitaire,Crisscross
268,solitaire,Crossword
1791,solitaire,Crossword Code Cracker
269,solitaire,Cryptic Crosswords
1634,solitaire,Cryptic Hymn
1375,solitaire,Crypto Utility
1475,solitaire,Crystal
270,solitaire,Cube Tube
271,solitaire,Cubewalk
276,solitaire,Cubewalk II
1666,solitaire,Curves
100,checkmate,Ca&iuml;ssa
3168,checkmate,Cambodian Chess
101,checkmate,Cannibal Chess
150,checkmate,Cannon
1600,checkmate,Cannon AI
151,checkmate,Cannon Chess
2558,checkmate,Cannon Chess by AepasA
2559,checkmate,Cannon Chess Mis�re by AepasA
152,checkmate,Cannon Shogi
2578,checkmate,Cannonade Chess
2579,checkmate,Cannonade Chess Mis�re
1266,checkmate,Cannonrider Chess
3101,checkmate,Cannons Chess
2585,checkmate,Canoe Chess
2586,checkmate,Canoe Chess Mis�re
2567,checkmate,Canon Chess by AepasA
2568,checkmate,Canon Chess Mis�re by AepasA
2219,checkmate,Capablanca chess Vs Grand chess
1406,checkmate,Capablanca Fun Games
1764,checkmate,Capablanca Relocation Chess
1304,checkmate,Capablanca Shatranj
1218,checkmate,Capablanca's Chess
2734,checkmate,Capture First Shogi
2971,checkmate,Caracal Chess
2972,checkmate,Caracal Chess Mis�re
2962,checkmate,Caracals Chess
2963,checkmate,Caracals Chess Mis�re
1752,checkmate,Carnage
2424,checkmate,Carrera Chess (MD&NZ)
2436,checkmate,Carrera Drop Chess
2504,checkmate,Cascade Chess
2505,checkmate,Cascade D�mA
2544,checkmate,Cascades Chess
2551,checkmate,Cascades [vs] Chess
1344,checkmate,Castalia Chess
2490,checkmate,Castle Siege Chess
154,checkmate,CastleChess
2502,checkmate,Castling Chess
2503,checkmate,Castling D�mA
2545,checkmate,Castlings Chess
2552,checkmate,Castlings [vs] Chess
2090,checkmate,CAT Chess
155,checkmate,Cavalier Chess
157,checkmate,Cazaux Chess
2468,checkmate,Ca~Co [KosovA & T�rkiye Dropes] D�mA
2479,checkmate,Ca~Co [KosovA & T�rkiye Dropes] D�mA Mis�re
2469,checkmate,Ca~Co [KosovA & T�rkiye Zones] D�mA
2480,checkmate,Ca~Co [KosovA & T�rkiye Zones] D�mA Mis�re
2470,checkmate,Ca~Co [KosovAs & Turkish Dropes] D�mA
2481,checkmate,Ca~Co [KosovAs & Turkish Dropes] D�mA Mis�re
2471,checkmate,Ca~Co [KosovAs & Turkish Zones] D�mA
2482,checkmate,Ca~Co [KosovAs & Turkish Zones] D�mA Mis�re
160,checkmate,Chad
3092,checkmate,Chained Movement Shogi
162,checkmate,Chameleon Chess
1442,checkmate,Chancellor Chess 8H x 10W
163,checkmate,Changling Chess
1557,checkmate,Chaos (Advanced Game)
1531,checkmate,Chaos (Basic Game)
1546,checkmate,Chaos (Intermediate Game)
1903,checkmate,Chase Chess
3012,checkmate,Chaturanga
3017,checkmate,Chaturanga Variant
3018,checkmate,Chaturanga Variant 2
165,checkmate,Chazz
1160,checkmate,Check-Penalty
166,checkmate,Checkers Chess
2746,checkmate,Checkers Shogi (Diamond Shogi)
3034,checkmate,Checkless Chess
1788,checkmate,CheckMate Chess
1778,checkmate,CheckMate Delight
167,checkmate,Cheer Chess
2750,checkmate,Cheetah Chess
2751,checkmate,Cheetah Chess Mis�re
2752,checkmate,Cheetah D�mA
2753,checkmate,Cheetah D�mA Mis�re
2895,checkmate,Cheetahs Chess
2896,checkmate,Cheetahs Chess Mis�re
168,checkmate,Chess 2000
169,checkmate,Chess 68
1870,checkmate,Chess 9x9 with 2 queens
3161,checkmate,Chess Attack
2498,checkmate,Chess by AepasA
173,checkmate,Chess Cubed
1720,checkmate,Chess Delighted
172,checkmate,"Chess II, the Resurrection"
1305,checkmate,Chess is War...War is Chess
1679,checkmate,Chess on a Soccer Ball
174,checkmate,Chess on the Rainbows
178,checkmate,Chess Rotation
2079,checkmate,Chess shogi
2834,checkmate,Chess variant vs Janggi
2833,checkmate,Chess variant vs Xiangqi
2828,checkmate,Chess vs Janggi
2826,checkmate,Chess vs Makruk
2827,checkmate,Chess vs Xiangqi
1738,checkmate,Chess with Extended Castle
1984,checkmate,Chess without Pawns
1594,checkmate,Chess [The ImMortal Game]
1825,checkmate,Chess-9
1209,checkmate,Chess-B
1243,checkmate,Chess-Sets
171,checkmate,Chess-Tac-Toe
1295,checkmate,Chess/Aces
3274,checkmate,Chess18
1234,checkmate,Chess256
3265,checkmate,Chess900
170,checkmate,Chess: My Way
2566,checkmate,Chessence
176,checkmate,Chesseract
177,checkmate,Chessers
45,checkmate,Chessgi
2060,checkmate,Chimera Chess
179,checkmate,Chinese Chess
1300,checkmate,Chinese Chess (MW)
180,checkmate,Chinese Chess Western Style
2759,checkmate,Chinese Passive Chess
2220,checkmate,ChineseCheckers Chess
181,checkmate,Chromatic Chess
182,checkmate,Chu Shogi
2562,checkmate,Chu Shogi (Full rules set)
2860,checkmate,Chu Shogi 12x12
1900,checkmate,Chu Shogi Western
2257,checkmate,Circe and Andernach chess
3045,checkmate,Circe Chess
2723,checkmate,Circe Shogi
183,checkmate,Circular Chess
1369,checkmate,Circular Chess (MW)
184,checkmate,Circular Chess (RP)
185,checkmate,Clash of Command
1391,checkmate,Clash of the Civilizations Chess
1448,checkmate,Classic Chess
3090,checkmate,Classic Courier Chess
1587,checkmate,ClassicA Chess
3219,checkmate,Claustrophobia
186,checkmate,Cleopatra Chess
190,checkmate,Cloak Chess
191,checkmate,Clockwork Orange Chess
192,checkmate,Coherent Chess
1802,checkmate,Colossus
1380,checkmate,Columbiad Chess
2851,checkmate,Combination Shogi
1296,checkmate,Commodore Chess
1908,checkmate,Commoner Chess
1909,checkmate,Commoners & Royals Chess
193,checkmate,Companion Chess
1750,checkmate,CompleX Chess
1708,checkmate,Configuration Chess
11,checkmate,Congo
194,checkmate,Connected Chess
1306,checkmate,Constable Chess
1372,checkmate,Conveyor-Belt Chess
1417,checkmate,Coordinator Chess
196,checkmate,Coregal Chess
1621,checkmate,Correlator Chess
2727,checkmate,Cougar Chess
2728,checkmate,Cougar Chess Mis�re
2902,checkmate,Cougars Chess
197,checkmate,Countdown Queens
1569,checkmate,Coward Chess
3041,checkmate,Coyote Chess
3042,checkmate,Coyote Chess Mis�re
3112,checkmate,Coyotes Chess
3113,checkmate,Coyotes Chess Mis�re
2464,checkmate,Co~Ca [KosovA & T�rkiye Dropes] D�mA
2473,checkmate,Co~Ca [KosovA & T�rkiye Dropes] D�mA Mis�re
2465,checkmate,Co~Ca [KosovA & T�rkiye Zones] D�mA
2474,checkmate,Co~Ca [KosovA & T�rkiye Zones] D�mA Mis�re
2466,checkmate,Co~Ca [KosovAs & Turkish Dropes] D�mA
2475,checkmate,Co~Ca [KosovAs & Turkish Dropes] D�mA Mis�re
2467,checkmate,Co~Ca [KosovAs & Turkish Zones] D�mA
2476,checkmate,Co~Ca [KosovAs & Turkish Zones] D�mA Mis�re
198,checkmate,Crazy Pawns Chess
49,checkmate,Crazyhouse
1290,checkmate,Crazyhouse No Retreat Morphy Chess
1051,checkmate,CrazyWar
2799,checkmate,Critters
3283,checkmate,Crook Chess
199,checkmate,Cross-eyed Chess
1096,checkmate,Cross3D Chess
1301,checkmate,Crossbishop Chess
1307,checkmate,Crossbishop Chess (8x10)
1461,checkmate,Crossing Stonehenge
1302,checkmate,Crossrook Chess
200,checkmate,Crowed Angle Chess
2121,checkmate,CSW Chess
2563,checkmate,Cubic Chess
1643,checkmate,Culverin Chess
3109,checkmate,Cylinder Chess
2649,checkmate,Cylindrical Shogi
2124,checkmate,Cyvasse
203,other,Cam
36,other,Camelot
204,other,Camette
205,other,Campaign
206,other,Cannibal Clobber
2560,other,Cannon D�mA by AepasA
2561,other,Cannon D�mA Mis�re by AepasA
2580,other,Cannonade D�mA
2581,other,Cannonade D�mA Mis�re
2587,other,Canoe D�mA
2588,other,Canoe D�mA Mis�re
2569,other,Canon D�mA by AepasA
2570,other,Canon D�mA Mis�re by AepasA
2973,other,Caracal D�mA
2974,other,Caracal D�mA Mis�re
2964,other,Caracals D�mA
2965,other,Caracals D�mA Mis�re
208,other,Carrots
209,other,Carrots II
210,other,Cascades
2548,other,Cascades D�mA
2555,other,Cascades [vs] D�mA
2956,other,Castello
2549,other,Castlings D�mA
2556,other,Castlings [vs] D�mA
211,other,Cat & Mouse for Two
2500,other,Cation
212,other,Cats & Dogs
1770,other,CattleBattle
213,other,Celestial Checkers
1031,other,Cellf
1686,other,Cellus For Two
1362,other,Cephalopod
159,other,Cerberus
1585,other,Chameleon
1743,other,Chameleon Fight
216,other,Chameleons
164,other,Chaos Chess
214,other,Chase
2483,other,Chase (Kruszewski)
215,other,Chase II
217,other,Chaverse
218,other,Checker Games
2351,other,Checkers Collection
3068,other,Checkers Variants (8x8) with Hoogland King
2897,other,Cheetahs D�mA
2898,other,Cheetahs D�mA Mis�re
1925,other,Cherokee Checkers
1134,other,Chess with Opening Books
219,other,Chessapawn
2909,other,Chessball
1942,other,Chikara
2074,other,Chilangki
1688,other,Chinese Civil War
1139,other,Chinese Rebels
221,other,Chip
1036,other,Chivalry
1284,other,Choko
222,other,Chomp
223,other,Cleave
207,other,Clobber
1760,other,Cluster
1832,other,Colonnade
1914,other,Commoners & Royal D�mA
1911,other,Commoners D�mA
1339,other,Commoners' Checkers
3085,other,Complete Checkers Variants
224,other,Conflict
225,other,Congklak
1445,other,Connect6
233,other,Conspirators
3057,other,Constitutional Draughts
3292,other,Construct A Square
234,other,Contra
188,other,Conversion Chess - Kings
189,other,Conversion Chess - Melee
235,other,Corner
2095,other,Coronet
2729,other,Cougar D�mA
2730,other,Cougar D�mA Mis�re
2904,other,Cougars D�mA
2905,other,Cougars D�mA Mis�re
2903,other,Cougars Mis�re Chess
236,other,Court
237,other,Cowboys
238,other,Cows and Leopards
3043,other,Coyote D�mA
3044,other,Coyote D�mA Mis�re
3114,other,Coyotes D�mA
3115,other,Coyotes D�mA Mis�re
2403,other,Cram Checkers
2393,other,Cram Reversi
230,other,Cross-Endodoi
232,other,Cross-Kalah
231,other,Cross-Wari
239,other,Crosscram
2016,other,Crossway
240,other,Crowded Checkers
241,other,Crusade
1168,other,Crusade-promotion
2225,other,Crusades and Saracens
1480,other,Crystal For Two
242,other,Cube & AntiCube
322,solitaire,Decomino
1834,solitaire,Decomino Solver
1115,solitaire,Dialbug
1433,solitaire,Diball
1693,solitaire,Dice-Shuffle
1694,solitaire,Dice-Shuffle II
1792,solitaire,Dice-Trace
1558,solitaire,Dicewalk
1559,solitaire,Dicube
1622,solitaire,Dicubes
323,solitaire,Digirot
132,solitaire,Domina 4
326,solitaire,Domina 5
324,solitaire,Domina II
325,solitaire,Domina III
327,solitaire,Domina Max
328,solitaire,Domino Puzzles
329,solitaire,Doors
330,solitaire,Doors II
331,solitaire,Doors III
1409,solitaire,Doshu (Double Shuffle)
1410,solitaire,Doshu II
1423,solitaire,Doshu III
1069,solitaire,Double
1835,solitaire,Double-Decker Puzzles
1836,solitaire,Double-Decker Puzzles II
332,solitaire,Doughnuts
1813,solitaire,Dragon Chess
1803,solitaire,Dragon [Horse] Chess
1808,solitaire,Dragon [KenTaur] Chess
1804,solitaire,Dragon [King] Chess
1809,solitaire,Dragon [Prince] Chess
333,solitaire,Draw
1071,solitaire,Drop
1074,solitaire,Dropmania
334,solitaire,Duck Solo
1817,solitaire,Dungeon Chess
1820,solitaire,Dungeons & Dragons Chess
1816,checkmate,Dablo Daares
1465,checkmate,Dai Dai Shogi
2916,checkmate,Dai Dai Shogi 17x17
1913,checkmate,Dai Dai Shogi Western
2861,checkmate,Dai Shogi 15x15
2496,checkmate,D�mA by AepasA
1790,checkmate,D�meMate Chess
2420,checkmate,DaNe [KosovA & T�rkiye Dropes] D�mA
2432,checkmate,DaNe [KosovA & T�rkiye Dropes] D�mA Mis�re
2421,checkmate,DaNe [KosovA & T�rkiye Zones] D�mA
2433,checkmate,DaNe [KosovA & T�rkiye Zones] D�mA Mis�re
2422,checkmate,DaNe [KosovAs & Turkish Dropes] D�mA
2434,checkmate,DaNe [KosovAs & Turkish Dropes] D�mA Mis�re
2423,checkmate,DaNe [KosovAs & Turkish Zones] D�mA
2435,checkmate,DaNe [KosovAs & Turkish Zones] D�mA Mis�re
201,checkmate,Dark Chess
277,checkmate,Deadly Pawns Chess
3086,checkmate,Decimal Chess
175,checkmate,Deep Blue versus Kasparov
278,checkmate,Deflector Chess
279,checkmate,Delayed Chess
280,checkmate,Descent Chess
281,checkmate,Desert Benedict Chess
1673,checkmate,Diamond Chess 306
2624,checkmate,Diarchic Chess
283,checkmate,Dictator Chess
284,checkmate,Different Armies
1356,checkmate,Dimachaer Chess
2038,checkmate,Dino Shogi
285,checkmate,Dino-Czars
1616,checkmate,Displacement Chess 2
2336,checkmate,Dobutsu Shogi
2089,checkmate,DON Chess
187,checkmate,Double Agent Chess
1732,checkmate,Double Barrel Rifle Chess
286,checkmate,Double Chess
287,checkmate,Double Move Chess
2657,checkmate,Double Move Shogi
1308,checkmate,Doublebarrel Chess
1309,checkmate,Doublecannon Chess
1310,checkmate,Doublecannon Chess (8x10)
2671,checkmate,DoubleMove-CheckFirst Shogi
2666,checkmate,DoubleMove-OtherPiece Shogi
973,checkmate,Double_Alternate Chess
2758,checkmate,Dragon vs. Horse Shogi
2576,checkmate,Dragon100 chess
288,checkmate,Dragonchess
289,checkmate,Dragonfly
291,checkmate,Dragonfly Miniatures
3102,checkmate,Dragons Chess
1252,checkmate,Dromedary Chess
292,checkmate,Drop Chess
293,checkmate,Drop Chess (HP)
3026,checkmate,Dual King Chess
2524,checkmate,Duel (Poedinok)
2444,checkmate,Duluth Chess
294,checkmate,Dunsany's Chess
295,checkmate,Dunsany's Chess (UW)
1805,checkmate,D�rer's Chess
296,checkmate,Dutch Chess
2020,checkmate,Dynamic Chess
1267,other,Dablot Prejjesne
2024,other,Daedalus
2553,other,Dakon
2543,other,Daldosa
1432,other,Dama (Turkish Checkers)
2039,other,D�mA Chess
1745,other,D�mA Delighted
1930,other,D�mAs
2045,other,D�mAs Chess
297,other,Damate
298,other,Dameo
1130,other,Damiano
1932,other,Danish Quarto
299,other,Dao
300,other,Dara
1728,other,DDay Delighted
301,other,Defense in Depth
202,other,Defiance and Domain
302,other,Deflector
303,other,Deflector II
2788,other,Delta
308,other,Desdemona
282,other,Desert Chess
1973,other,Diabol
3221,other,DiaGo
1702,other,Dico
1553,other,Dieversity
309,other,Dipole
1462,other,Dipole by Mark Steere
310,other,DNA Breakthrough
312,other,Documenta
313,other,Dodge This!
2142,other,DodgeTron
316,other,Domina
1667,other,Domina 4 (NRA)
987,other,Dominion
1366,other,Doncala
1689,other,Donuts
317,other,Doors for Two
1527,other,Dots-n-Boxes
318,other,Double Alquerque
319,other,Double Take
981,other,Double Vertical TicTacToe
2101,other,Dragons Gate
2595,other,Draughts with Deferred Backwards Capture
320,other,Ducado
321,other,Duck Pond
1581,other,Duels Collections
337,solitaire,Easy Cubes
340,solitaire,Ecosystem
1046,solitaire,Elcrypt
1067,solitaire,Elcrypt II
1273,solitaire,Eliminator
1278,solitaire,Eliminator II
1285,solitaire,Eliminator III
1783,solitaire,Eller
1960,solitaire,Entrap
335,solitaire,Entropy Cross
341,solitaire,Entropy II
336,solitaire,Entropy Puzzle
342,solitaire,Escher
1980,solitaire,Escher 10 - Celtic designs
345,solitaire,Escher 4
346,solitaire,Escher 5
347,solitaire,Escher 6
348,solitaire,Escher 7
349,solitaire,Escher 8
1979,solitaire,Escher 9 - Celtic designs
343,solitaire,Escher II
344,solitaire,Escher III
2065,solitaire,Expert Codebreaker
350,solitaire,Extraction
1373,checkmate,Echidna Chess
2242,checkmate,Ed [Double Dropes] Chess
2241,checkmate,Ed [Double Zones] Chess
2228,checkmate,Ed [Dropes] Chess
2256,checkmate,Ed [Dual Dropes] Chess
2255,checkmate,Ed [Dual Zones] Chess
2322,checkmate,Ed [KosovA & T�rkiye Dropes] Chess
2360,checkmate,Ed [KosovA & T�rkiye Dropes] D�mA
2323,checkmate,Ed [KosovA & T�rkiye Zones] Chess
2361,checkmate,Ed [KosovA & T�rkiye Zones] D�mA
2338,checkmate,Ed [KosovAs & Turkish Dropes] Chess
2362,checkmate,Ed [KosovAs & Turkish Dropes] D�mA
2337,checkmate,Ed [KosovAs & Turkish Zones] Chess
2363,checkmate,Ed [KosovAs & Turkish Zones] D�mA
2284,checkmate,Ed [Marble & Rubble Dropes] Chess
2287,checkmate,Ed [Marble & Rubble Zones] Chess
2296,checkmate,Ed [Pawn & Pawn Dropes] Chess
2298,checkmate,Ed [Pawn & Pawn Zones] Chess
2310,checkmate,Ed [Pion & Pion Dropes] Chess
2318,checkmate,Ed [Pion & Pion Zones] Chess
2229,checkmate,Ed [Zones] Chess
363,checkmate,Edge Chess
1466,checkmate,Edibe Chess
1526,checkmate,EdinA Chess
1518,checkmate,EditA Chess
1649,checkmate,Elections Chess
364,checkmate,Elena Chess
1215,checkmate,Elephant Chess
365,checkmate,Elevator
1244,checkmate,Elk Chess
1268,checkmate,Elkrider Chess
2572,checkmate,Elsborg's Courier Chess
1443,checkmate,Embassy Chess Variants
366,checkmate,Emperor of China
1116,checkmate,Emperor Raumschach
2609,checkmate,Empress Chess
2610,checkmate,Empress Chess Mis�re
1079,checkmate,En Avant
367,checkmate,En passant Chess
368,checkmate,English Shogi Pieces
2087,checkmate,EPA Chess
520,checkmate,ERB Jetan
2546,checkmate,Escalation
1330,checkmate,Essedar Chess
2240,checkmate,Et [Double Dropes] Chess
2239,checkmate,Et [Double Zones] Chess
2230,checkmate,Et [Dropes] Chess
2254,checkmate,Et [Dual Dropes] Chess
2253,checkmate,Et [Dual Zones] Chess
2324,checkmate,Et [KosovA & T�rkiye Dropes] Chess
2364,checkmate,Et [KosovA & T�rkiye Dropes] D�mA
2325,checkmate,Et [KosovA & T�rkiye Zones] Chess
2365,checkmate,Et [KosovA & T�rkiye Zones] D�mA
2339,checkmate,Et [KosovAs & Turkish Dropes] Chess
2366,checkmate,Et [KosovAs & Turkish Dropes] D�mA
2340,checkmate,Et [KosovAs & Turkish Zones] Chess
2367,checkmate,Et [KosovAs & Turkish Zones] D�mA
2285,checkmate,Et [Marble & Rubble Dropes] Chess
2288,checkmate,Et [Marble & Rubble Zones] Chess
2297,checkmate,Et [Pawn & Pawn Dropes] Chess
2299,checkmate,Et [Pawn & Pawn Zones] Chess
2311,checkmate,Et [Pion & Pion Dropes] Chess
2319,checkmate,Et [Pion & Pion Zones] Chess
2231,checkmate,Et [Zones] Chess
1490,checkmate,Etrit Chess
2492,checkmate,Etrit D�mA
369,checkmate,Eurasian Chess
1948,checkmate,EuropA Chess
1949,checkmate,EuropAs Chess
1950,checkmate,Europe Chess
1951,checkmate,European Chess
1952,checkmate,Europeans Chess
1953,checkmate,Europes Chess
371,checkmate,Evasive Chess
372,checkmate,Evolution Chess
373,checkmate,Exchequer
374,checkmate,Extended Half-Chess
1601,checkmate,ExTinction Chess
1806,checkmate,Extrapawn Chess
1872,checkmate,Extremal Shogi
375,checkmate,EZHexChess
1886,other,Ecalper
351,other,Ecke
2150,other,Ed [Bishop vs] Chess
2134,other,Ed [Bishop] Chess
2126,other,Ed [Drop] Chess
2274,other,Ed [Duel Dropes] Chess
2275,other,Ed [Duel Zones] Chess
2264,other,Ed [Duet Dropes] Chess
2265,other,Ed [Duet Zones] Chess
2146,other,Ed [King vs] Chess
2133,other,Ed [King] Chess
2149,other,Ed [Knight vs] Chess
2135,other,Ed [Knight] Chess
2152,other,Ed [Pawn vs] Chess
2140,other,Ed [Pawn] Chess
2145,other,Ed [Queen vs] Chess
2131,other,Ed [Queen] Chess
2214,other,Ed [RandoDrop vs] Chess
2212,other,Ed [RandoDrop] Chess
2215,other,Ed [RandoZone vs] Chess
2211,other,Ed [RandoZone] Chess
2151,other,Ed [Rook vs] Chess
2141,other,Ed [Rook] Chess
2127,other,Ed [Zone] Chess
352,other,Edges
1142,other,Egyptian Siga
2583,other,Elementals
353,other,Elephant Checkers
354,other,Ellen's Checkers
1532,other,Emanations
355,other,Emergo
2611,other,Empress D�mA
2612,other,Empress D�mA Mis�re
3089,other,Emulsion
229,other,Endodoi
2598,other,English Long Checkers
358,other,Entrapment
359,other,Epaminondas
2025,other,Erinyes
360,other,Escapade
2148,other,Et [Bishop vs] Chess
2136,other,Et [Bishop] Chess
2128,other,Et [Drop] Chess
2276,other,Et [Duel Dropes] Chess
2277,other,Et [Duel Zones] Chess
2266,other,Et [Duet Dropes] Chess
2267,other,Et [Duet Zones] Chess
2144,other,Et [King vs] Chess
2132,other,Et [King] Chess
2147,other,Et [Knight vs] Chess
2137,other,Et [Knight] Chess
2154,other,Et [Pawn vs] Chess
2139,other,Et [Pawn] Chess
2143,other,Et [Queen vs] Chess
2130,other,Et [Queen] Chess
2216,other,Et [RandoDrop vs] Chess
2210,other,Et [RandoDrop] Chess
2217,other,Et [RandoZone vs] Chess
2209,other,Et [RandoZone] Chess
2153,other,Et [Rook vs] Chess
2138,other,Et [Rook] Chess
2129,other,Et [Zone] Chess
361,other,Euclid
1937,other,EuropA D�mA
1938,other,EuropAs D�mA
1943,other,Europe D�mA
1944,other,European D�mA
1945,other,Europeans D�mA
1946,other,Europes D�mA
304,other,Evasion
305,other,Evasion II
2084,other,Eximo
1491,other,Explocus
362,other,Extreme Checkers
1084,other,Eyesore
1150,solitaire,Fado Solo
1207,solitaire,Febu
1245,solitaire,Febu II
394,solitaire,First
396,solitaire,First Do it Yourself
397,solitaire,First Exchange
395,solitaire,First II
1219,solitaire,Fishing
398,solitaire,Fit
1274,solitaire,Five Letters
1043,solitaire,Fivethousand vs Robot
1996,solitaire,Flames High
399,solitaire,Flamingos
1058,solitaire,Flim
1376,solitaire,Flim II
1381,solitaire,Flim III
1387,solitaire,Flim Large
1063,solitaire,Flim-E
1078,solitaire,Floor Tilings
1393,solitaire,Floor Tilings II
1840,solitaire,Forced Chess
2233,solitaire,Forks
1434,solitaire,Fourball
400,solitaire,Fourcube
2456,solitaire,Fox Hunting
1454,solitaire,Fractal Sampler
401,solitaire,Fractalmaze
402,solitaire,FreeCell
403,solitaire,Fruit
404,solitaire,Fruit II
405,solitaire,Fruitbasket
2283,checkmate,Failing Hands Chess
2286,checkmate,Fair-Chess
384,checkmate,FairyBigChess
1135,checkmate,FallingSnow
385,checkmate,Family Matters
2418,checkmate,Farmer's chess
386,checkmate,Fastpawn Chess
2863,checkmate,First Time Shogi 3x5
1542,checkmate,Fischer Chess
1768,checkmate,Fischer Placement Chess
378,checkmate,Fischer Random Chess
2884,checkmate,Fischer Random Chess (MW)
1992,checkmate,Flexible Chess (F-chess)
1999,checkmate,Flexible Chinese Chess (F-Xiangqi)
1097,checkmate,FlipChess
382,checkmate,Flux 4x4x4 Chess
1247,checkmate,Flying Armies
1279,checkmate,Flying Armies2
3203,checkmate,Flying Bombers Grand Chess
1103,checkmate,FlyingDaggers
1094,checkmate,Fool's Chess
2698,checkmate,Footwork Shogi
2747,checkmate,Forced Capture Shogi
2670,checkmate,ForcedPromotion Shogi
388,checkmate,Forchess
389,checkmate,Fortress Chess
390,checkmate,Fortresses
2663,checkmate,Forward  Shogi
1617,checkmate,Forwards and Dipole Chess
1319,checkmate,Fractal Chess
2739,checkmate,Free Formation Shogi (Fuseki Shogi)
391,checkmate,Free-form 4x4x4 Chess
2862,checkmate,FreeLayout 6x6 Shogi (Roku-Roku Shogi)
2740,checkmate,FreeLayout Shogi (JiyuHaichi Shogi)
1187,checkmate,FreePawnChess
2679,checkmate,FreeStyle Shogi
392,checkmate,Freeze Chess
2672,checkmate,Friend Capture Shogi
3163,checkmate,Frog King Chess
2720,checkmate,Front Position Shogi
2333,checkmate,Frontiers
1364,checkmate,FullBoard Chess
53,checkmate,Fusion Chess
52,checkmate,Fusion Chessgi
393,checkmate,Fussballschach
2944,checkmate,Futashikana Shogi
1859,checkmate,Future Chess
2919,other,Faction
1149,other,Fado
2042,other,Fairy Pieces Part 1
406,other,Fairy Tale Draughts
407,other,Fandango
995,other,Fascination Checkers
408,other,Faustus
1541,other,Festival Climbers
2590,other,Fetaix
2348,other,Fianco
1657,other,FidFad
409,other,Fields of Action
1947,other,Find
3087,other,Finkel's Game of Ur
410,other,Fission
412,other,Five field Kono
411,other,Five-Dice
413,other,Fivethousand
2582,other,Flicker
1671,other,FlipFlop
1220,other,Fliporona
3051,other,Flipway
1985,other,Flume
1073,other,Flyin' Turtles
1513,other,Focus
2369,other,Focus (VC)
414,other,Fool's Court
383,other,Football Chess
415,other,Force
416,other,Forge
417,other,Fortress
1006,other,Four Colors Reversi
1133,other,Fox Classic
419,other,Foxhunt
420,other,French Military Game
1230,other,Frisian Draughts
2601,other,Frisian Draughts 2.0
421,other,Funnel
2222,other,Funny games
422,other,Fusion
440,solitaire,G-Backtrack
442,solitaire,G-Primes
5,solitaire,Game of Life
443,solitaire,Given Legs
444,solitaire,Globetrotter
445,solitaire,Goodknight
448,solitaire,Goodknight 4
446,solitaire,Goodknight II
447,solitaire,Goodknight III
1554,solitaire,Graph-Puzzles
1618,solitaire,Groops
2346,solitaire,Groovy Marbles
2347,solitaire,Groovy Marbles II
1681,solitaire,Growth
1085,checkmate,G.U.E. 3D Chess
2376,checkmate,Ga [KosovA & T�rkiye Dropes] D�mA
2385,checkmate,Ga [KosovA & T�rkiye Dropes] D�mA Mis�re
2377,checkmate,Ga [KosovA & T�rkiye Zones] D�mA
2386,checkmate,Ga [KosovA & T�rkiye Zones] D�mA Mis�re
2378,checkmate,Ga [KosovAs & Turkish Dropes] D�mA
2387,checkmate,Ga [KosovAs & Turkish Dropes] D�mA Mis�re
2379,checkmate,Ga [KosovAs & Turkish Zones] D�mA
2388,checkmate,Ga [KosovAs & Turkish Zones] D�mA Mis�re
1281,checkmate,Gala
1515,checkmate,Galdim Chess
2399,checkmate,GaMe [KosovA & T�rkiye Dropes] D�mA
2408,checkmate,GaMe [KosovA & T�rkiye Dropes] D�mA Mis�re
2400,checkmate,GaMe [KosovA & T�rkiye Zones] D�mA
2409,checkmate,GaMe [KosovA & T�rkiye Zones] D�mA Mis�re
2401,checkmate,GaMe [KosovAs & Turkish Dropes] D�mA
2410,checkmate,GaMe [KosovAs & Turkish Dropes] D�mA Mis�re
2402,checkmate,GaMe [KosovAs & Turkish Zones] D�mA
2411,checkmate,GaMe [KosovAs & Turkish Zones] D�mA Mis�re
1567,checkmate,Gary Gygax's Fidchell
1382,checkmate,Gastrophete Chess
1331,checkmate,Gaul Chess
1231,checkmate,Geminus Chess
2080,checkmate,General shogi
1340,checkmate,Generals
2413,checkmate,Genesis Chess
2823,checkmate,Genial 100 chess
1136,checkmate,Geodesic Chess
2984,checkmate,Gepard Chess
2985,checkmate,Gepard Chess Mis�re
2948,checkmate,Gepards Chess
2949,checkmate,Gepards Chess Mis�re
449,checkmate,GESS
1388,checkmate,Gladiatrix Chess
3242,checkmate,Glinski Cheskers
377,checkmate,Glinski's Hexagonal Chess
450,checkmate,Global Chess
2088,checkmate,GOD Chess
1291,checkmate,Gods on Pluto
2761,checkmate,Gold vs. Silver Shogi
451,checkmate,Golem Chess
1411,checkmate,Gorgona Chess
1082,checkmate,Grand Rider Chess
1059,checkmate,GrandShogi
453,checkmate,Grated Chess
1472,checkmate,Great Whale Shogi
1311,checkmate,Grenadier Chess
1000,checkmate,Gretchen's Space Chess
1699,checkmate,Guanaco Chess
454,checkmate,Guard and Towers
2478,checkmate,Gufuu Shogi
2953,checkmate,Gunjin Shogi (6x8)
2967,checkmate,Gunjin Shogi (6x8) Variant
2945,checkmate,Gunjin Shogi (6x9)
2966,checkmate,Gunjin Shogi (6x9) Variant
2983,checkmate,Gunki (dark style) complete version
2982,checkmate,Gunki (dark style) simple version
2981,checkmate,Gunki (open style) simple version
1257,checkmate,Gunnery Chess
1258,checkmate,Gunnery Chess (8x10)
1262,checkmate,Gustav III's Chess
1269,checkmate,Gustavian Camelrider Chess
1403,checkmate,Gustavian Cannon Chess
1270,checkmate,Gustavian Cannonrider Chess
2510,checkmate,Gwangsanghui
2106,other,Galton
1589,other,Game of Naos
423,other,Gamla Torget
426,other,Gauntlet
2986,other,Gepard D�mA
2987,other,Gepard D�mA Mis�re
2950,other,Gepards D�mA
2951,other,Gepards D�mA Mis�re
427,other,German Checkers
428,other,German Morris
429,other,GLE'X
430,other,Go
1592,other,Go Moku (NZ)
433,other,Go-Moku 9
431,other,Go3D
432,other,Gomullo
434,other,Gonnect
2574,other,Gonu
435,other,Gorgon
2593,other,Gothic Checkers Variants
1921,other,Grabber
436,other,Gradient 4
437,other,Grand Camelot
1009,other,Grensholm
1646,other,Grim Reaper
1010,other,Grindtorp
438,other,Gro
439,other,Groups
2307,other,Gwyddbwyll
1137,solitaire,Halloween
1143,solitaire,Halloween Mania
475,solitaire,Hangover
1039,solitaire,Harry
1047,solitaire,Harvest
476,solitaire,Hearts
479,solitaire,Hex Twist
3239,solitaire,Hex1Life
3240,solitaire,Hex2Life
1993,solitaire,HexBox
478,solitaire,Hexed Marbles
3241,solitaire,HexLife
1873,solitaire,HexLightsoff
1971,solitaire,HexWriggle
2308,solitaire,Hidato-predrawn
480,solitaire,Hippodrome
1060,solitaire,Hiroi
481,solitaire,Hiroimono
1212,solitaire,Hooked
482,solitaire,Hop Solo
484,solitaire,Hop Solo II
483,solitaire,Hop Solo Random
1196,solitaire,Hungry Snakes
2597,solitaire,Hungry Snakes (MW)
1607,checkmate,Hadean Chess
485,checkmate,Hades Chess
195,checkmate,Half Board Chess
2943,checkmate,Hanga Roa
1239,checkmate,Harpy Chess
2032,checkmate,Hauberk
486,checkmate,Heaven & Hell Chess
1926,checkmate,Hecate
487,checkmate,Hecatomb
2306,checkmate,Hedrex
2855,checkmate,Heian Dai Shogi
2857,checkmate,Heian Dai Shogi 13x10
2794,checkmate,Heian Hybrid Shogi
2800,checkmate,Heian Hybrid Shogi Variant
2762,checkmate,Heian Shogi
2976,checkmate,Heian Shogi Variant
2891,checkmate,Heisei Chu Shogi
2978,checkmate,Heisei Chu Shogi with two drops (Okazaki rule)
1320,checkmate,Helmsman Chess
1603,checkmate,Herculean Chess
488,checkmate,Hermit Chess
3035,checkmate,Hexagonal Arimaa
376,checkmate,Hexagonal Chess
490,checkmate,Hexagonal Chess Collection
161,checkmate,HexChad
1746,checkmate,HexChess for 3
491,checkmate,Hexes Chess
1359,checkmate,Hiashatar
2741,checkmate,HiddenLayout Shogi (Kakushi Shogi)
3084,checkmate,Historical Chess
1631,checkmate,HiveQueen
493,checkmate,Hobbes
494,checkmate,Hodge-Podge
1635,checkmate,Holy Grail
1323,checkmate,Hoplit Chess
1324,checkmate,Hoplomach Chess
495,checkmate,Hoppel-Poppel Chess
1253,checkmate,Hopper Chess
1261,checkmate,Hopper-Elk Chess
3110,checkmate,Horizontal Cylinder Chess
2773,checkmate,Horizontal-Neko Shogi
2774,checkmate,Horizontal-NekoNeko Shogi
496,checkmate,Hourglas Chess
1312,checkmate,Howitzer Chess
497,checkmate,Hungry Pawns
51,checkmate,Hydra Chess
3064,checkmate,HyenA Chess
3065,checkmate,HyenA Chess Mis�re
3104,checkmate,HyenAs Chess
3105,checkmate,HyenAs Chess Mis�re
1033,checkmate,Hyperchess
455,other,Haga
456,other,Hageby
458,other,Hageby for three
1129,other,Halatafl
459,other,Halfbreed
460,other,Halma Star
1151,other,Halma variants
1735,other,HanniBall
1595,other,Hare games
1692,other,Harlequin Checkers
461,other,Harlequinade
462,other,Havoc
463,other,Hearts (cards)
1916,other,Hera
464,other,Hex
3082,other,Hex-Gothic Checkers
3234,other,Hex-Moku
465,other,Hex-Tac-Toe
220,other,Hexapawn
137,other,HexDame
356,other,HexEmergo
3227,other,HexEuclid
3213,other,HexGo
466,other,Hexi
469,other,Heximondas
1507,other,HExplocus
1157,other,HexQuint
3228,other,HexReversi
117,other,Hexxagon
470,other,HighGround
1730,other,Hippolyta
2655,other,HiQue
492,other,Hitchhiker Chess
471,other,Hnefatafl
472,other,Holmen
1011,other,Holmentornet
473,other,Hop for Two
1164,other,HopperDame
1457,other,Hoppers (Medium Halma)
1152,other,HopQuad
2648,other,Horn Chess
1197,other,Hungry Snakes For Two
1593,other,Hunt
474,other,Huntsmen
3066,other,HyenA D�mA
3067,other,HyenA D�mA Mis�re
3106,other,HyenAs D�mA
3107,other,HyenAs D�mA Mis�re
274,other,Hyperspace
1198,solitaire,I Ching
1568,solitaire,Infini
507,solitaire,In_Chess
508,solitaire,IQ
983,solitaire,Isolattice
509,solitaire,Itchi
510,solitaire,Itchi II
1576,checkmate,IAGO Chess
1492,checkmate,IAGO Standard Fantasy (Capablanca 64) Chess
1582,checkmate,"IAGO X-Class NMS (Near, Mini-Grand, Skirmish) Chess"
2263,checkmate,iChess
2381,checkmate,Ideal chess
1680,checkmate,ImMobiles Chess
2686,checkmate,ImmobilizerKing Shogi
2673,checkmate,ImmovableKing Shogi
3162,checkmate,Immunity Chess
515,checkmate,Imperial Cheops
1405,checkmate,Improved Chess
1623,checkmate,Insane Ninja Chess
1449,checkmate,Interloper Chess
516,checkmate,Interweave
517,checkmate,Invasion
2841,checkmate,Inversive Forced Capture Shogi
2840,checkmate,Inversive Shogi
2843,checkmate,Inversive Shogi without Suicide
1458,checkmate,Iron Guard Chess
2702,checkmate,Isardam (type A) Shogi
2703,checkmate,Isardam (type B) Shogi
3056,checkmate,Isardam Chess
518,checkmate,Island Chess
1525,checkmate,Ito Shogi
1695,other,IllyriA Chess
1765,other,IllyriA D�mA
1703,other,IllyriAs Chess
1766,other,IllyriAs D�mA
1161,other,In Love Go-Moku
1737,other,InDependence Delighted
1138,other,Indian War-games
498,other,Ingelsta
2332,other,International/Polish Checkers Variants
1890,other,Interplay
2812,other,Irregular Checkers Variants
499,other,Isola
1687,other,Isolation
1256,other,Italian Dama
1260,other,Italian Damone
500,other,Ithaka
511,solitaire,Jenazon Schedules
1145,solitaire,Jewels
1064,solitaire,Jigsaw
1547,solitaire,Jointz
512,solitaire,Jugs
513,solitaire,Jugs II
1021,solitaire,Jumbled
514,solitaire,Jump & Flip
2165,solitaire,Jumping Numbers-Change Maze
3164,checkmate,Jagger Chess
3165,checkmate,Jagger Chess Mis�re
3235,checkmate,Jaggress Chess
3236,checkmate,Jaggress Chess Mis�re
3169,checkmate,Jaglion Chess
3170,checkmate,Jaglion Chess Mis�re
3229,checkmate,Jaglioness Chess
3230,checkmate,Jaglioness Chess Mis�re
2683,checkmate,Jaguar Chess
2684,checkmate,Jaguar Chess Mis�re
3194,checkmate,Jaguaress Chess
3195,checkmate,Jaguaress Chess Mis�re
2925,checkmate,Jaguars Chess
2926,checkmate,Jaguars Chess Mis�re
3176,checkmate,Jagupard Chess
3177,checkmate,Jagupard Chess Mis�re
3223,checkmate,Jagupardess Chess
3224,checkmate,Jagupardess Chess Mis�re
153,checkmate,Janggi
2990,checkmate,Janggi (Korean Chess)
2970,checkmate,Japanese Stratego
2847,checkmate,Jedi Chess
992,checkmate,Jena Defenders
519,checkmate,Jetan
521,checkmate,Jumping Chess
2979,checkmate,Jungle Variant3
501,other,Jackrabbits
3166,other,Jagger D�mA
3167,other,Jagger D�mA Mis�re
3237,other,Jaggress D�mA
3238,other,Jaggress D�mA Mis�re
3171,other,Jaglion D�mA
3172,other,Jaglion D�mA Mis�re
3231,other,Jaglioness D�mA
3232,other,Jaglioness D�mA Mis�re
2693,other,Jaguar D�mA
2694,other,Jaguar D�mA Mis�re
3196,other,Jaguaress D�mA
3197,other,Jaguaress D�mA Mis�re
2927,other,Jaguars D�mA
2928,other,Jaguars D�mA Mis�re
3178,other,Jagupard D�mA
3179,other,Jagupard D�mA Mis�re
3225,other,Jagupardess D�mA
3226,other,Jagupardess D�mA Mis�re
1917,other,Janus
1390,other,Jerboa
502,other,Jeremy's Nightmare
503,other,Jeson Mor' (9 horses)
136,other,Jeu de Dames
1550,other,Jointz For Two
1823,other,Jostle
505,other,Joust
504,other,Jul-Gonu
506,other,Jumping Beans
2975,other,Jungle Variant
2977,other,Jungle Variant2
1313,solitaire,Kaleidoscope
338,solitaire,Karl's Cubes
1658,solitaire,Knight's minimax problems
535,solitaire,Knight's Tour
536,solitaire,Knots
539,solitaire,Knots 4
537,solitaire,Knots II
538,solitaire,Knots III
1522,solitaire,Komino
1199,checkmate,K4
1280,checkmate,K4Flying
2382,checkmate,Kaissa chess
2081,checkmate,Kaissa shogi
540,checkmate,Kamikaze Chess
2695,checkmate,KanaShibari Shogi
2676,checkmate,KanaShibari-Oh Shogi
3075,checkmate,Kangaroo Chess
3076,checkmate,Kangaroo Chess Mis�re
3094,checkmate,Kangaroos Chess
3095,checkmate,Kangaroos Chess Mis�re
541,checkmate,Kantorai
542,checkmate,Karma Chess
1901,checkmate,Kasanari Shogi
2603,checkmate,KayaK Chess
2604,checkmate,KayaK Chess Mis�re
543,checkmate,Ki Shogi
3060,checkmate,Kiki AnNan Shogi
3070,checkmate,Kiki Position Shogi
1012,checkmate,Kimstad
1863,checkmate,King Arthur's Chess-72
544,checkmate,King Clone 77
1771,checkmate,King to Bunker Leap
2004,checkmate,King [CheckMate] Chess
1983,checkmate,King [ChessMate] Chess
546,checkmate,Kings of Babylon
548,checkmate,Kings or Lemmings?
2000,checkmate,Kings [CheckMate] Chess
1976,checkmate,Kings [ChessMate] Chess
3139,checkmate,Kingsmen
2946,checkmate,Kirin and Phoenix Shogi
2952,checkmate,Kirin and Phoenix Shogi Variant
549,checkmate,Klin Zha
550,checkmate,Klin Zha 3D
2534,checkmate,Knight Court
2722,checkmate,Knight Position Shogi
3033,checkmate,Knight Relay Chess
2632,checkmate,Knighted[s] Chess
2633,checkmate,Knighted[s] Chess Mis�re
2733,checkmate,KnightKing Shogi
2636,checkmate,KnightMare[s] Chess
2637,checkmate,KnightMare[s] Chess Mis�re
3028,checkmate,Knightmate Chess
2968,checkmate,Knights Shogi
2463,checkmate,Ko Shogi
2999,checkmate,Ko Shogi (19x19)
551,checkmate,Kogbetliantz 8x8x8 3D Chess
2923,checkmate,Kokose Finish Shogi
2915,checkmate,KoKoSe Shogi
2699,checkmate,KomaMochi22 Shogi
2765,checkmate,KomaNari Shogi
2980,checkmate,Kongo Shogi
1351,checkmate,Korean Chess
552,checkmate,Korean Chess for Westerners
553,checkmate,Korean vs Western Chess
1110,checkmate,Kozune
1910,checkmate,Kozune Western
554,checkmate,Kriegspiel
1086,checkmate,Krigspel
2303,checkmate,Kung Fu Chess
2801,checkmate,Kyo Shogi
2802,checkmate,Kyo Shogi Variant
226,other,Kalah
3077,other,Kangaroo D�mA
3078,other,Kangaroo D�mA Mis�re
3096,other,Kangaroos D�mA
3097,other,Kangaroos D�mA Mis�re
522,other,Kanim
523,other,Karaman
2605,other,KayaK D�mA
2606,other,KayaK D�mA Mis�re
524,other,Kensington
1934,other,Kerfuffle
1668,other,Keryo-Pente
525,other,Khan
1248,other,Kharbaga
526,other,Kick and Run
527,other,Killer Amazons
2370,other,Killer Draughts
1682,other,King of the Hill
2017,other,King [StaleMate] Chess
528,other,King's Court
545,other,Kinglet
2013,other,Kings [StaleMate] Chess
1918,other,Kitty Corner
529,other,Kneippen
1583,other,Knight's Chess
1596,other,Knight's Halma
2634,other,Knighted[s] D�mA
2635,other,Knighted[s] D�mA Mis�re
2638,other,KnightMare[s] D�mA
2639,other,KnightMare[s] D�mA Mis�re
1709,other,Knights and Kings
2117,other,Knights games
2033,other,Knights [StaleMate] Chess
1510,other,Knights' Field
530,other,Konane
2014,other,Konobi
2113,other,Kopano
1424,other,KosovA Chess
1560,other,KosovA D�mA [Zoja KosovAre]
1922,other,KosovAs & Turkish D�mA
1394,other,KosovAs Chess
1555,other,KosovAs D�mA [Zoja e Kosov�s]
531,other,Krokek
533,other,Kroma
534,other,Kubatoo
576,solitaire,Labirintus
577,solitaire,Labrat
1001,solitaire,Langton's Ant
578,solitaire,Laser
581,solitaire,Laser 4
2008,solitaire,Laser Coverage
579,solitaire,Laser II
580,solitaire,Laser III
1048,solitaire,Laser Maze
1860,solitaire,Latris
980,solitaire,Lattice
1165,solitaire,Leftturn
1775,solitaire,Letterdrop
1065,solitaire,Liars
582,solitaire,Lights Out Maze
1100,solitaire,Lightshow
1093,solitaire,Linear
1487,solitaire,Linedraw
8,solitaire,Logic Gates
583,solitaire,Loop
1162,solitaire,Lost In The City
555,checkmate,Ladder Chess
1345,checkmate,Ladon Chess
2767,checkmate,Lance vs. Knight Shogi
1174,checkmate,Landskapsspel Dalarna
1332,checkmate,Laquear Chess
3008,checkmate,Large Janggi
2808,checkmate,Large Kyo Shogi
2809,checkmate,Large KyoSho Vs Knight Shogi
556,checkmate,Leap Chess
557,checkmate,Leapers Chess
1106,checkmate,Leapers Creeepers
2992,checkmate,Leapers Grand Chess
1570,checkmate,Leapfrog Chess
3175,checkmate,Legan Chess
3189,checkmate,Leguar Chess
3190,checkmate,Leguar Chess Mis�re
3204,checkmate,Leguaress Chess
3205,checkmate,Leguaress Chess Mis�re
1784,checkmate,Lemniscate Chess
3180,checkmate,Leoger Chess
3181,checkmate,Leoger Chess Mis�re
3215,checkmate,Leogress Chess
3216,checkmate,Leogress Chess Mis�re
2817,checkmate,Leon Chess
2818,checkmate,Leon Chess Mis�re
2706,checkmate,Leopard Chess
2707,checkmate,Leopard Chess Mis�re
3199,checkmate,Leopardess Chess
3201,checkmate,Leopardess Chess Mis�re
2911,checkmate,Leopards Chess
2912,checkmate,Leopards Chess Mis�re
3185,checkmate,Leopon Chess
3186,checkmate,Leopon Chess Mis�re
3208,checkmate,Leoponess Chess
3209,checkmate,Leoponess Chess Mis�re
1377,checkmate,Leto Chess
3143,checkmate,Liger Chess
3144,checkmate,Liger Chess Mis�re
3253,checkmate,Ligress Chess
3254,checkmate,Ligress Chess Mis�re
3288,checkmate,Ligresses Chess
3289,checkmate,Ligresses Chess Mis�re
3147,checkmate,Liguar Chess
3148,checkmate,Liguar Chess Mis�re
3248,checkmate,Liguaress Chess
3249,checkmate,Liguaress Chess Mis�re
3294,checkmate,Liguaresses Chess
3295,checkmate,Liguaresses Mis�re Chess
558,checkmate,Lilliputian Monochromatic Alice Chess
2557,checkmate,Limited Rider Chess
559,checkmate,Limpy Chess
1899,checkmate,Line [of No Retreat] Chess
2050,checkmate,Lion chess
3156,checkmate,Lioness Chess
3157,checkmate,Lioness Chess Mis�re
2732,checkmate,LionKing Shogi
2866,checkmate,Lions Chess
2867,checkmate,Lions Chess Mis�re
3152,checkmate,Lipard Chess
3153,checkmate,Lipard Chess Mis�re
3244,checkmate,Lipardess Chess
3245,checkmate,Lipardess Chess Mis�re
3298,checkmate,Lipardesses Chess
3299,checkmate,Lipardesses Chess Mis�re
1007,checkmate,LiQi
560,checkmate,Little Mega-Chess
2825,checkmate,Little Shogi Pack
290,checkmate,Loonybird
2232,checkmate,Lordchess
2125,checkmate,Ludum Scaccorum Romanum
2515,checkmate,Luzhanqi
2995,checkmate,Lynx Chess
2996,checkmate,Lynx Chess Mis�re
3020,checkmate,Lynxes Chess
3021,checkmate,Lynxes Chess Mis�re
2839,checkmate,Lyra
566,other,L-Game
1367,other,La Mancha squeeZ
561,other,Lahti
562,other,Lambchop
2196,other,Lanakila
1091,other,Landskapsspel &Ouml;sterg&ouml;tland
1090,other,Landskapsspel Halland
1092,other,Landskapsspel Sm&aring;land
1493,other,Laska
563,other,Lasker Morris
2155,other,Last Man Forward
547,other,Latrunculi
2227,other,Law of the Jungle
2571,other,Le Zug
564,other,Leapfrog
2599,other,Leapfrog Checkers
3191,other,Leguar D�mA
3192,other,Leguar D�mA Mis�re
3206,other,Leguaress D�mA
3207,other,Leguaress D�mA Mis�re
3182,other,Leoger D�mA
3183,other,Leoger D�mA Mis�re
3217,other,Leogress D�mA
3218,other,Leogress D�mA Mis�re
2819,other,Leon D�mA
2820,other,Leon D�mA Mis�re
2713,other,Leopard D�mA
2714,other,Leopard D�mA Mis�re
3200,other,Leopardess D�mA
3202,other,Leopardess D�mA Mis�re
2913,other,Leopards D�mA
2914,other,Leopards D�mA Mis�re
3187,other,Leopon D�mA
3188,other,Leopon D�mA Mis�re
3210,other,Leoponess D�mA
3211,other,Leoponess D�mA Mis�re
1662,other,LevelTwo Joust
2120,other,LevelTwo Reversi
565,other,Lewthwaite's Game
1288,other,Liberian Queah
2078,other,Libra
567,other,Lift
3141,other,Liger D�mA
3142,other,Liger D�mA Mis�re
3255,other,Ligress D�mA
3256,other,Ligress D�mA Mis�re
3290,other,Ligresses D�mA
3291,other,Ligresses D�mA Mis�re
3149,other,Liguar D�mA
3150,other,Liguar D�mA Mis�re
3250,other,Liguaress D�mA
3251,other,Liguaress D�mA Mis�re
3296,other,Liguaresses D�mA
3297,other,Liguaresses D�mA Mis�re
1799,other,Limit
568,other,Line4: Zero Gravity
569,other,Line4plus
572,other,Lines of Action
3158,other,Lioness D�mA
3159,other,Lioness D�mA Mis�re
2868,other,Lions D�mA
2869,other,Lions D�mA Mis�re
3154,other,Lipard D�mA
3155,other,Lipard D�mA Mis�re
3246,other,Lipardess D�mA
3247,other,Lipardess D�mA Mis�re
3300,other,Lipardesses D�mA
3301,other,Lipardesses D�mA Mis�re
573,other,Ljura
1336,other,Longer Words
574,other,Loop game
2006,other,Loose
3293,other,Losing Go-Moku
2844,other,Losing Shogi
1476,other,Ludo
575,other,Ludos
2997,other,Lynx D�mA
2998,other,Lynx D�mA Mis�re
3022,other,Lynxes D�mA
3023,other,Lynxes D�mA Mis�re
1969,solitaire,Magnets
2051,solitaire,Mahjong Solitaire
1736,solitaire,Man Of Law's
597,solitaire,Marbles
598,solitaire,Marbles II
599,solitaire,Marbles III
1519,solitaire,Marquand Logic Machine
1854,solitaire,Marramba
1855,solitaire,Marramba II
586,solitaire,Match
600,solitaire,Matchsticks
601,solitaire,Matchsticks II
1098,solitaire,Math Tables
602,solitaire,Maths: Addition
603,solitaire,Maths: Multiplication
604,solitaire,Maths: Subtraction
605,solitaire,Max
606,solitaire,Max-Solver
1864,solitaire,Maxchecks
1193,solitaire,Maxicol
624,solitaire,Maximal Squadron
610,solitaire,Maze Haven
611,solitaire,Maze Maven
612,solitaire,Mem
613,solitaire,Mem II
614,solitaire,Mem III
1543,solitaire,Mine Finder
1520,solitaire,Mine Stalker
2613,solitaire,Misdirection
570,solitaire,Missing Link
615,solitaire,Moebius
1544,solitaire,Moku
1030,solitaire,Mondrian
75,solitaire,Monster Maze
616,solitaire,Morpion solitaire
1200,solitaire,Motti
2099,checkmate,MAD Chess
617,checkmate,Mad Elephant Chess
1627,checkmate,Mad Queen Shogi
3055,checkmate,Madrasi Chess
2696,checkmate,Madrasi Shogi
619,checkmate,Magic Carpet Chess
1275,checkmate,Magicpawns Chess
48,checkmate,Magnetic Chess
1337,checkmate,Magneticpawns Chess
620,checkmate,MaitreMaster
2892,checkmate,Maka Chu Shogi
2924,checkmate,Maka Dai Dai Shogi (System A)
2929,checkmate,Maka Dai Dai Shogi (System B)
2930,checkmate,Maka Dai Dai Shogi (System C)
621,checkmate,Makruk & Sittuyin
2842,checkmate,Makruk (Thai Chess)
2832,checkmate,Makruk variant vs Janggi
2831,checkmate,Makruk variant vs Xiangqi
2830,checkmate,Makruk vs Janggi
2829,checkmate,Makruk vs Xiangqi
1217,checkmate,Mammoth Chess
1221,checkmate,Mammoth Chess (8x10)
2462,checkmate,Mana
1341,checkmate,Mangonel Chess
1276,checkmate,Mapped Chess
622,checkmate,Martian Chess
2745,checkmate,MaskedKing Shogi
623,checkmate,Masque
1216,checkmate,Mastodon Chess
1222,checkmate,Mastodon Chess (8x10)
1849,checkmate,Matrix Chess 121
1850,checkmate,Matrix Chess 196
1537,checkmate,Matron Chess
2372,checkmate,Me [KosovA & T�rkiye Dropes] D�mA
2389,checkmate,Me [KosovA & T�rkiye Dropes] D�mA Mis�re
2373,checkmate,Me [KosovA & T�rkiye Zones] D�mA
2390,checkmate,Me [KosovA & T�rkiye Zones] D�mA Mis�re
2374,checkmate,Me [KosovAs & Turkish Dropes] D�mA
2391,checkmate,Me [KosovAs & Turkish Dropes] D�mA Mis�re
2375,checkmate,Me [KosovAs & Turkish Zones] D�mA
2392,checkmate,Me [KosovAs & Turkish Zones] D�mA Mis�re
1418,checkmate,Medieval Chess
1176,checkmate,Medusa Shogi
2681,checkmate,Medusa-Oh Shogi
2394,checkmate,MeGa [KosovA & T�rkiye Dropes] D�mA
2404,checkmate,MeGa [KosovA & T�rkiye Dropes] D�mA Mis�re
2395,checkmate,MeGa [KosovA & T�rkiye Zones] D�mA
2405,checkmate,MeGa [KosovA & T�rkiye Zones] D�mA Mis�re
2396,checkmate,MeGa [KosovAs & Turkish Dropes] D�mA
2406,checkmate,MeGa [KosovAs & Turkish Dropes] D�mA Mis�re
2397,checkmate,MeGa [KosovAs & Turkish Zones] D�mA
2407,checkmate,MeGa [KosovAs & Turkish Zones] D�mA Mis�re
626,checkmate,Melissa
1523,checkmate,Mendim Chess
627,checkmate,Mephisto
1333,checkmate,Meridian Chess
628,checkmate,Metamorph Chess
629,checkmate,Metamorphin' Assimilation Chess
630,checkmate,Metamorphin' Fusion Chess
631,checkmate,Metamorphosis Chess
1370,checkmate,Meteoric Chess
47,checkmate,Micro Shogi & Kyoto Shogi
633,checkmate,Military Latrunculi
634,checkmate,Millennium 3D Chess
1503,checkmate,Millennium Chess
2573,checkmate,Mimic Chess
2993,checkmate,Mini Janggi (Koma-Janggi)
2810,checkmate,Mini Kyo Shogi
1598,checkmate,Mini-Near Chess
1749,checkmate,Minimal Chess
1628,checkmate,MiniXiang
1905,checkmate,MiniXiangqi
1437,checkmate,Mirror East Chess 8H x 10W
1429,checkmate,Mirror West Chess 8H x 10W
1964,checkmate,Mis�re Chess
1957,checkmate,Mis�re [Twins] Chess
1477,checkmate,Missile Chess
3046,checkmate,Mitsugumi Shogi mod
2584,checkmate,Modern 100 Chess
2685,checkmate,Modern Courier Chess
1099,checkmate,Modern Shatranj
1830,checkmate,Modern Shogi
1915,checkmate,Monkey Queen
635,checkmate,Monotypes
636,checkmate,Monster 3D Chess
1753,checkmate,Monster Kings
1044,checkmate,MoQi
637,checkmate,Morph Chess
50,checkmate,Mortal Chessgi
1314,checkmate,Mortar Chess
999,checkmate,MotherKing and her Frogs
1744,checkmate,Mulatte Bishop Chess
1807,checkmate,Multi-chess
1321,checkmate,Murmillo Chess
638,checkmate,Must Capture Chess
639,checkmate,Mutation Chess
2850,checkmate,Mystery Shogi
584,other,MacBeth
1829,other,Mad Bishops
1488,other,Maffy
618,other,Maharadscha
2419,other,Makyek
2040,other,Malaika
227,other,Mancala
2575,other,Mancala's Knights
1004,other,Mancala-IV
1919,other,March Hare Checkers
2457,other,MarGo
3038,other,Marlborough
585,other,Match for Two
1249,other,Medieval Alquerque
587,other,Mice Maze
632,other,Michael's Chess
2452,other,Ming Mang Reversi
588,other,MiniMancala
1721,other,Minos
589,other,Mix-n-Match
2477,other,Modern Draughts
590,other,Moebius Morris
1902,other,Momentum
2957,other,Mona
1841,other,Monk and Water
591,other,Moon Chess
592,other,Moray Eels
2494,other,Morpheus
996,other,Morpiae
593,other,Morris Games
1608,other,Morris Puzzle
594,other,Morris Variants
595,other,Motala Str&ouml;m
596,other,Mouse Island
1851,other,Mozaic
3080,other,Mozambican Checkers
989,other,MuchAdo
3252,other,Multiplayer 3D Tic-Tac-Toe
1891,other,Murus Gallicus
3193,other,Murus Gallicus (MW)
357,other,Mylaska
1111,solitaire,Napier's Abacus
1481,solitaire,Nature-Walk
1674,solitaire,Nightmare Quilt
644,solitaire,Nine Clocks
645,solitaire,Noscope
1678,solitaire,Nosquare
1374,solitaire,Number-Crisscross
648,solitaire,Numberwheel
649,solitaire,Nutts
650,solitaire,Nutts-Solver
640,checkmate,N-Relay Chess
1346,checkmate,Naiad Chess
2077,checkmate,Nam Dinh
641,checkmate,Nana Shogi
2660,checkmate,Narazu Shogi
642,checkmate,Nardeshir 3D Chess
1683,checkmate,Narnia Chess
986,checkmate,Narrassetch
1577,checkmate,Near Chess
1580,checkmate,Near Chess Drops-Shuffle
1584,checkmate,Near Chess on a Large Board
1579,checkmate,Near vs Normal Chess
2414,checkmate,NeDa [KosovA & T�rkiye Dropes] D�mA
2428,checkmate,NeDa [KosovA & T�rkiye Dropes] D�mA Mis�re
2415,checkmate,NeDa [KosovA & T�rkiye Zones] D�mA
2429,checkmate,NeDa [KosovA & T�rkiye Zones] D�mA Mis�re
2416,checkmate,NeDa [KosovAs & Turkish Dropes] D�mA
2430,checkmate,NeDa [KosovAs & Turkish Dropes] D�mA Mis�re
2417,checkmate,NeDa [KosovAs & Turkish Zones] D�mA
2431,checkmate,NeDa [KosovAs & Turkish Zones] D�mA Mis�re
1425,checkmate,Neoorthodox Chess
1897,checkmate,Neoteric Chess
1482,checkmate,Net Chess
1254,checkmate,New Chess
2053,checkmate,New Chinese Chess
2697,checkmate,New KomaOchi23 Shogi
1002,checkmate,NextChess
2491,checkmate,Nine-Tile Cyvasse
1104,checkmate,Ninth Century Indian Chess
2687,checkmate,No Pawn Shogi
2731,checkmate,Non Reusable Shogi
1435,checkmate,Non-Standard Chess 8H x 8W
1013,checkmate,Norrkrog
659,checkmate,Nosferatu
2735,checkmate,Not Capture First Shogi
2738,checkmate,Not Capture Shogi (Torazu Shogi)
1504,checkmate,Nova Chess
2994,checkmate,Nutty Shogi
643,checkmate,Nwap Chess
1629,other,N-Cubes
652,other,Nanometer
653,other,Neighbours
1613,other,Neo-Checkers
3062,other,Neogothic Checkers
1895,other,Network
654,other,Neutreeko
656,other,Neutron Variants
657,other,Nimbi
658,other,Nimrod
2170,other,NoGo
2425,other,Non Stop Kamisado
997,other,NoNet
1014,other,Norrsholm
3058,other,Northern Slovakian Halma
661,other,NotChess
1427,other,NotChess2
2234,other,Nought-or-Cross
660,other,"Nu, Pogodi!"
1710,other,Nubia
1072,solitaire,Odd Ones
651,solitaire,Oneway Loop
1954,solitaire,Op-Art
695,checkmate,Oblique
1188,checkmate,Oblong Shatranj with die
696,checkmate,Octa-Ashtapada
1936,checkmate,OctaChess
1725,checkmate,Octopus Chess
697,checkmate,Odds Chess
1630,checkmate,OlympiA Chess
1636,checkmate,OlympiAs Chess
1619,checkmate,Olympics Chess
1614,checkmate,Olympycs Chess
158,checkmate,Omega Chess
1754,checkmate,Omega Chess Advanced
1755,checkmate,Omega Chess Updated
1606,checkmate,Omega Transplant
1700,checkmate,Omnigon
698,checkmate,One Ring Chess
1061,checkmate,One-Sided FreeBeat Chess
699,checkmate,One-Two Chess
700,checkmate,Onwards Chess
1182,checkmate,Operational Chess 3: Land-Sea Chess
701,checkmate,Optima
1395,checkmate,Optimized Chess 8H x 10W
1255,checkmate,Orphic Chess
2777,checkmate,Othello Shogi (Type A)
2778,checkmate,Othello Shogi (Type B)
2776,checkmate,Othello Shogi (Type C)
1342,checkmate,Oxybeles Chess
468,other,Octi
467,other,OCTI for Kids
1183,other,Oh Golly
2442,other,Ohojitxi
1871,other,Omega
1170,other,Operational Chess
1175,other,Operational Chess 2
1651,other,Orbitalis
2345,other,Ordo
664,other,Orthokon
1800,other,Ossetian Checkers
2350,other,Ossetian Kena
665,other,Outfox
666,other,Oxelbergen
607,solitaire,P-Backtrack
609,solitaire,P-Primes
1112,solitaire,Pa-o-si
248,solitaire,Pairs
688,solitaire,Pancakes
1966,solitaire,Passages
1551,solitaire,Pathways
3160,solitaire,Patriarchs
689,solitaire,Pearl Puzzle
690,solitaire,Pearl Puzzle II
27,solitaire,Pento
608,solitaire,Pento-Solver
1722,solitaire,Phone III
1003,solitaire,Photonworld
1795,solitaire,Pic16
691,solitaire,Picador
1794,solitaire,Picturo
2245,solitaire,Pillow Cube
1982,solitaire,Pipe Mazes
692,solitaire,Placements
693,solitaire,Planes
694,solitaire,Plinko
1158,solitaire,Podo
1384,solitaire,Podomania
1378,solitaire,Podomax
1083,solitaire,Polyhexes
1087,solitaire,Polyhexes II
1430,solitaire,Powerball
1018,solitaire,Powerlines
1663,solitaire,Preprocessor for ZRF
1620,solitaire,Proon
1876,solitaire,Pum-Easy
1469,solitaire,Pum-Num
1460,solitaire,Pum-Pum
1474,solitaire,Pum-Pum Large
1023,solitaire,Pyramid
702,checkmate,Pacman Chess
1483,checkmate,Palace Ninja Guards Chess
2804,checkmate,PantherA Chess
2805,checkmate,PantherA Chess Mis�re
2881,checkmate,PantherAs Chess
2880,checkmate,PantherAs Chess Mis�re
2497,checkmate,P�on by AepasA
1315,checkmate,Parade of the Stars
703,checkmate,Pass Chess
704,checkmate,Passive Aggressive Chess
1412,checkmate,Paulovits's Game
2938,checkmate,Paulowich Whale Shogi
705,checkmate,Paulowich's Chancellor Chess
2007,checkmate,Peasants Revolt Chess
1325,checkmate,Pegniar Chess
706,checkmate,Penalty Chess
707,checkmate,Pent-Ashtapada Chess
709,checkmate,Pentaplane
2499,checkmate,Peon by AepasA
1650,checkmate,Perier Chess
1511,checkmate,Petrit Chess
2493,checkmate,Petrit D�mA
2445,checkmate,Pe~Pi [KosovA & T�rkiye Dropes] D�mA
2458,checkmate,Pe~Pi [KosovA & T�rkiye Dropes] D�mA Mis�re
2446,checkmate,Pe~Pi [KosovA & T�rkiye Zones] D�mA
2459,checkmate,Pe~Pi [KosovA & T�rkiye Zones] D�mA Mis�re
2447,checkmate,Pe~Pi [KosovAs & Turkish Dropes] D�mA
2460,checkmate,Pe~Pi [KosovAs & Turkish Dropes] D�mA Mis�re
2448,checkmate,Pe~Pi [KosovAs & Turkish Zones] D�mA
2461,checkmate,Pe~Pi [KosovAs & Turkish Zones] D�mA Mis�re
1459,checkmate,Phalanx Chess
2349,checkmate,Philosophy Shogi Checkers
1647,checkmate,Pick the Piece Big Chess
1113,checkmate,Piece Promotion Games
1189,checkmate,Piece Promotion Games 2
1696,checkmate,Pilgrim Chess
1818,checkmate,Pillage
710,checkmate,Pillars Of Medusa
1697,checkmate,Pioneer Chess
1571,checkmate,Pitcher Chess
2438,checkmate,Pi~Pe [KosovA & T�rkiye Dropes] D�mA
2451,checkmate,Pi~Pe [KosovA & T�rkiye Dropes] D�mA Mis�re
2439,checkmate,Pi~Pe [KosovA & T�rkiye Zones] D�mA
2453,checkmate,Pi~Pe [KosovA & T�rkiye Zones] D�mA Mis�re
2440,checkmate,Pi~Pe [KosovAs & Turkish Dropes] D�mA
2454,checkmate,Pi~Pe [KosovAs & Turkish Dropes] D�mA Mis�re
2441,checkmate,Pi~Pe [KosovAs & Turkish Zones] D�mA
2455,checkmate,Pi~Pe [KosovAs & Turkish Zones] D�mA Mis�re
1711,checkmate,Placement Chess
711,checkmate,Planar 4x4x4 Chess
712,checkmate,Platform Chess
3140,checkmate,Platonic Chess
3052,checkmate,Platzwechsel Circe Chess
2725,checkmate,PlatzWechselCirce (PWC) Shogi
2798,checkmate,Ploy
1163,checkmate,Pointer Chess
2596,checkmate,Pole Chess
1822,checkmate,Polgar Superstar Chess (Starchess)
713,checkmate,Polish Chess
714,checkmate,Polyhedron Chess
715,checkmate,Power Shift Chess
1426,checkmate,Powerful Pawns Chess
1114,checkmate,Presiding Chess
994,checkmate,Prince 3D Chess
1624,checkmate,Prince Chess
2627,checkmate,Princess & Empress Chess
2628,checkmate,Princess & Empress Chess Mis�re
2941,checkmate,Princess and Empress Shogi
2942,checkmate,Princess and Empress Shogi Variant
2614,checkmate,Princess Chess
2615,checkmate,Princess Chess Mis�re
2620,checkmate,Princess ^ Empress Chess
2621,checkmate,Princess ^ Empress Chess Mis�re
3243,checkmate,Prison Break
1107,checkmate,ProCycle Chess
717,checkmate,Promotion Chess
2906,checkmate,Promotion First Shogi
716,checkmate,Promotions and Demotions
1648,checkmate,Promotions Chess
1371,checkmate,Provocator Chess
2780,checkmate,PumA Chess
2781,checkmate,PumA Chess Mis�re
2890,checkmate,PumAs Chess
2889,checkmate,PumAs Chess Mis�re
3100,checkmate,Pushpawn Chess
718,checkmate,Pyramid Chess
1413,checkmate,Pyrrhus Chess
667,other,Pairs for Two
2806,other,PantherA D�mA
2807,other,PantherA D�mA Mis�re
2879,other,PantherAs D�mA
2878,other,PantherAs D�mA Mis�re
2001,other,Paper Boxes
3081,other,Partisans
2618,other,Pasang
3222,other,Pavers
668,other,Pawns Only Chess
2034,other,Pawns [StaleMate] Chess
1528,other,Permainan-Tabal
669,other,Permission Denied
1927,other,Persephone
670,other,Petteia
671,other,Petteia Chess
2226,other,Pharaoh`s games
672,other,Photonic Attack
673,other,Phutball
674,other,Pikkpakk
675,other,Pikkpakk large
1184,other,Platonic Halma
676,other,Playground Commandos
3198,other,Pletore
677,other,Polarity
678,other,Polish Draughts
1146,other,Politically Correct Chess
680,other,Pompeii
681,other,Poulpy
1177,other,Power Grid
682,other,Prairie
2629,other,Princess & Empress D�mA
2630,other,Princess & Empress D�mA Mis�re
2616,other,Princess D�mA
2617,other,Princess D�mA Mis�re
2623,other,Princess ^ Empress D�mA
2625,other,Princess ^ Empress D�mA Mis�re
2115,other,PrishtinA D�mA
2114,other,Prizren D�mA
2525,other,Puluc
2782,other,PumA D�mA
2783,other,PumA D�mA Mis�re
2888,other,PumAs D�mA
2887,other,PumAs D�mA Mis�re
683,other,Puppet King Checkers
306,other,Push
684,other,Push 4
685,other,Push 4 X
307,other,Push II
2565,other,Pyon Pyon Shogi
686,other,Pyramid-2D
1185,other,Pythagoreic Halma
687,other,Python
742,solitaire,Quad City Air
743,solitaire,Quadrilles
744,solitaire,Quantum Maze
2110,solitaire,QuarTet
1101,solitaire,Queens and Pawns
745,solitaire,Quilt
2487,checkmate,Qiguo Xiangqi
758,checkmate,Quadlevel 3D Chess
759,checkmate,Quadrangle Chess
2057,checkmate,Quangtrung1
2047,checkmate,Quangtrungki
2935,checkmate,Quantum Chess
2764,checkmate,Queen Shogi (Okisaki Shogi)
1968,checkmate,Queen [CheckMate] Chess
1995,checkmate,Queen [ChessMate] Chess
1361,checkmate,Queen- and Pawnless Chess
2688,checkmate,Queen-King Shogi
1147,checkmate,Queens or Castles
1967,checkmate,Queens [CheckMate] Chess
1990,checkmate,Queens [ChessMate] Chess
1153,other,Quad
118,other,Quad Wrangle
119,other,Quad Wrangle (large)
1446,other,Quadrature
719,other,Quandary
2472,other,Quantum tic-tac-toe
3116,other,Quarod
720,other,Quarto
1997,other,Quaxtep
2026,other,Queen [StaleMate] Chess
721,other,Queen's Guard
2023,other,Queens [StaleMate] Chess
1998,other,Query
1118,other,Qui Vive
722,other,Quicksilver
1148,other,Quint
2790,other,Quintuplio
1599,other,Qyshinsu
746,solitaire,Rabbit
747,solitaire,Rabbits
1615,solitaire,Racetrack
1352,solitaire,Random Cave
1357,solitaire,Random Cave Critters
1353,solitaire,Random Cave II
1062,solitaire,Random Walk
1845,solitaire,Rec-Tangles
1846,solitaire,Rec-Tangles II
1978,solitaire,RecWriggle
22,solitaire,Reptiles
24,solitaire,Reptiles II
23,solitaire,Reptiles III
1961,solitaire,Revolt Of The Robots
748,solitaire,Rhamses
749,solitaire,Rhamses II
750,solitaire,Rhamses III
1052,solitaire,Rightrightleft
1250,solitaire,Rightrightleft - Across
751,solitaire,River Crossing
311,solitaire,RNA-Puzzle
1562,solitaire,Roadmaps
2009,solitaire,Roaming Robots
1102,solitaire,Robo
1987,solitaire,Robo Walk
752,solitaire,Robot
753,solitaire,Roll Cubes
754,solitaire,Rook's Tour
755,solitaire,Rose
1154,solitaire,Rotation Squares
646,solitaire,Rotoscope
1705,solitaire,Rotoscope II
738,solitaire,Roulette
2246,solitaire,RoundKey Cube
756,solitaire,Row
741,solitaire,Royal Turnoff
1529,solitaire,Rubik's 4x4x4 Cube
1565,solitaire,Rubik's 5x5x5 Cube
339,solitaire,Rubik's Cube
7,solitaire,Rule 110
1125,solitaire,Rungs
762,checkmate,R-Chess
3024,checkmate,Racing Chess
763,checkmate,Rack and Runes
2554,checkmate,Ragnarok
2689,checkmate,RainLeaking Shogi
2098,checkmate,RAJ Chess
764,checkmate,Rajah
1401,checkmate,Random Drop Chess
1609,checkmate,Raptor Chess
708,checkmate,Raumschach
2838,checkmate,Razor Chess
765,checkmate,Recognized Variants of the Month
767,checkmate,Reduced Endgame Chess
1478,checkmate,Reformed Chess
1716,checkmate,Regiment Chess
1717,checkmate,Regroupment Chess
768,checkmate,Relativistic Chess
1704,checkmate,Relocation Chess
3083,checkmate,Relocation Chess Variants
2852,checkmate,Remain Promotion Shogi
2564,checkmate,REN Shogi
769,checkmate,Renaissance Chess
2755,checkmate,ReplacementKing Shogi
1898,checkmate,Reserve Chess
2412,checkmate,Resurrection Chess
1326,checkmate,Retiar Chess
2991,checkmate,Reusable Chess
2958,checkmate,Reusable Chu Shogi
2960,checkmate,Reusable Chu Shogi Variant
2959,checkmate,Reusable Dai Shogi
2961,checkmate,Reusable Dai Shogi Variant
2768,checkmate,Reusable Heian Shogi
3001,checkmate,Reusable Janggi
2988,checkmate,Reusable Makruk
2989,checkmate,Reusable Makruk Variant
2882,checkmate,Reusable Sho Shogi
2886,checkmate,Reusable Sho Shogi Variant
2947,checkmate,Reusable Wa Shogi 11x11
3000,checkmate,Reusable Xiangqi
2700,checkmate,Reverse Promotion Shogi
2845,checkmate,Reversi Shogi (Type A)
2846,checkmate,Reversi Shogi (Type B)
2848,checkmate,Reversi Shogi (Type C)
2756,checkmate,ReversiblePromotion Shogi
1727,checkmate,Revised Chess
1965,checkmate,r�volution Chess
1572,checkmate,Rhino Chess
1552,checkmate,RhinOs Chess
3039,checkmate,Rifle Chess
2678,checkmate,Rifle Shogi
771,checkmate,Rigellan Sii-od
773,checkmate,Rococo
774,checkmate,Rollerball Chess
2763,checkmate,Rook Shogi & Bishop Shogi
2757,checkmate,Rook vs. Bishop Shogi
775,checkmate,Rooksquare Chess
776,checkmate,Rotary
1867,checkmate,Rotorblades Chess
1875,checkmate,Rotorblades Fusion Chess
1815,checkmate,Round Honeycomb Chess
1814,checkmate,Round Table Chess 96
1282,checkmate,Royal CannonChess
1045,checkmate,Royal Fury
1263,checkmate,Royal Pawn Chess
3027,checkmate,Royal Queen Chess
777,checkmate,Rubik Chess
778,checkmate,Ruddigore Chess
991,checkmate,Rutherford's 1-dimensional Shogi
723,other,Rabbit for Two
984,other,Random Links
725,other,Rantron
1127,other,Razzledazzle
726,other,Reactor
724,other,Redcappies and the Wolves
3069,other,Reformed International Draughts
1986,other,Retsami
770,other,Revenge of Rubik Chess
727,other,Reversi 3D
728,other,Reversi Board Variations
729,other,Reversi II
2501,other,Rhode
730,other,Ring Board Checkers
1494,other,Ring Realms
731,other,Ringo
1672,other,Rinne & Tensei
732,other,River Chess
772,other,Robber Chess
3117,other,Robble
2954,other,Rocco
733,other,Rock around a Century
663,other,Rock around the Sun
734,other,Roll 4
735,other,Roll 4 X
736,other,Roll-Ing to Four
1610,other,Rollthello
1040,other,Rome
2029,other,Rooks [StaleMate] Chess
739,other,Rotaryh
737,other,Roulette for Two
1906,other,Royal Chess
1912,other,Royal D�mA
1779,other,Royal Game of Ur
740,other,Royal-Tac-Toe
2221,other,Rrizzit
2547,other,Rumbo
1759,other,Rush
679,other,Russian Checkers
781,solitaire,Sailing
782,solitaire,Sailing II
783,solitaire,Sailing III
823,solitaire,Saltwater
1718,solitaire,Scale
2012,solitaire,Scrabble Demonstration Board
2019,solitaire,Scrabl Puzzles
1534,solitaire,Scrabwalk Solo
1726,solitaire,Secret Keys
1444,solitaire,Select CRC Analysis Tool
824,solitaire,Semblo
1939,solitaire,Semblo Easy
825,solitaire,Serviettes
69,solitaire,Setris
72,solitaire,Setris 4
70,solitaire,Setris II
71,solitaire,Setris III
826,solitaire,Sheepdog
1075,solitaire,Shortcut
1970,solitaire,Shuff
1178,solitaire,Sieve
2244,solitaire,Simpler Pillow Cube
827,solitaire,Sisyphus
1213,solitaire,Skewers
1026,solitaire,Slide-in
828,solitaire,SlideFour
829,solitaire,SlideThree
830,solitaire,Sliding Blocks
831,solitaire,Sliding Puzzle
1632,solitaire,Smiling Faces
1880,solitaire,Smiling Faces Easy
912,solitaire,Snake Catcher
832,solitaire,Snakepit
2427,solitaire,Sokoban
833,solitaire,SoliHex
1181,solitaire,Solitaire Freeplay and Solver
1776,solitaire,Solitaire Tree
834,solitaire,SoliTours
835,solitaire,Spaghetti
836,solitaire,Spaghetti II
1933,solitaire,Sparky
1935,solitaire,Sparky II
971,solitaire,Spot the Difference
974,solitaire,Spot the Difference II
837,solitaire,Squabble Solo
1205,solitaire,Square Fit
1224,solitaire,Square Fit II
1225,solitaire,Square Fit III
1773,solitaire,Square Peg Solitaire
1354,solitaire,Square The Rectangle
838,solitaire,Square The Square
839,solitaire,Square The Square II
1041,solitaire,Square The Square Solver
1963,solitaire,Square Words
2426,solitaire,Squared Chain
1940,solitaire,Squaro
1419,solitaire,Squash (Square Shuffle)
1495,solitaire,Stacks
1505,solitaire,Stacksa
1499,solitaire,Stackso
840,solitaire,Stapler
841,solitaire,Stapler II
1498,solitaire,Staxa
1506,solitaire,Staxo
842,solitaire,Step-Mazes
1068,solitaire,Stepping Stones
1117,solitaire,Stick Equations
815,solitaire,Sticks
843,solitaire,Sticks Sequence
1053,solitaire,Straight
1246,solitaire,Straight Across
1056,solitaire,Straight-dia
1264,solitaire,Straight-Solver
1714,solitaire,Strobot
844,solitaire,Subway
847,solitaire,Subway 4
845,solitaire,Subway II
846,solitaire,Subway III
1538,solitaire,Sudoku Cube
1237,solitaire,Sudoku Solver
1665,solitaire,Sudoku Tool
2317,solitaire,Sudoku-4thgroups
2309,solitaire,Sudoku-betweens
2312,solitaire,Sudoku-circlesquare
2292,solitaire,Sudoku-Doubled
2295,solitaire,Sudoku-Elbow
2313,solitaire,Sudoku-greaterthan
2383,solitaire,Sudoku-rotations
2316,solitaire,Sudoku-sumframe
2289,solitaire,Sudoku-withmargins
1539,solitaire,Sudoxo
1540,solitaire,Sudoxu
1549,solitaire,Summerwings Puzzle
148,solitaire,Super Bubbles
1024,solitaire,Switch
2041,checkmate,Safari
1327,checkmate,Sagittar Chess
2066,checkmate,Sahara Chess
1235,checkmate,Samhain Chess
1334,checkmate,Samnis Chess
1,checkmate,Sankaku Shogi
1928,checkmate,Savannah
1223,checkmate,Scandinavian Chess
1194,checkmate,Schoolbook
848,checkmate,Scirocco
2028,checkmate,Scope
1236,checkmate,Scorpion Chess
1328,checkmate,Scot Chess
1385,checkmate,Scout Chess
2036,checkmate,Sea Chess
2223,checkmate,Sea Stories
849,checkmate,Secret Service Chess
1322,checkmate,Secutor Chess
1896,checkmate,Seirawan Chess
850,checkmate,Selfeliminator
2591,checkmate,Sentry Chess
851,checkmate,Separate Chess
1228,checkmate,Setup-Chess
3025,checkmate,Shahmot
1171,checkmate,Shamanic Chess
988,checkmate,Shanghai Palace Chess
2910,checkmate,Shared Piece Shogi
99,checkmate,Shatranj
1108,checkmate,Shatranj Elephants
1140,checkmate,Shatranj of Troy
852,checkmate,Shatranj Plus
1690,checkmate,Shields & Swords
2766,checkmate,Sho Shogi
1761,checkmate,Shock Troops
2858,checkmate,Shogi (Corrected for 'Pawn drop')
2854,checkmate,Shogi (Renewal)
2936,checkmate,Shogi Modified
3108,checkmate,Shogi Plus
854,checkmate,Shogi Super Chess
2836,checkmate,Shogi variant vs Chess
2835,checkmate,Shogi variant vs Makruk
2811,checkmate,Shogi vs Chess
2815,checkmate,Shogi vs Chess (Center Split version)
2821,checkmate,Shogi vs Janggi
2822,checkmate,Shogi vs Makruk
2824,checkmate,Shogi vs Makruk Variant
2814,checkmate,Shogi vs Makruk vs Chess
2816,checkmate,Shogi vs Xiangqi
853,checkmate,Shogi with Handicaps
46,checkmate,"Shogi, Mortal Shogi, Kamikaze Mortal Shogi"
2653,checkmate,Shogi-CheckFirst
2708,checkmate,Shogi-ExpandedPrison
2652,checkmate,Shogi-FalconKing
2667,checkmate,Shogi-Hybrid
2647,checkmate,Shogi-ImmortalSilver
2644,checkmate,Shogi-Knight8
2643,checkmate,Shogi-Komaochi25
2654,checkmate,Shogi-ReflectionBishop
2736,checkmate,Shogi-ShrinkedPrison
2940,checkmate,Shosu Shogi
2721,checkmate,Side Position Shogi
2907,checkmate,Silver Promotion Shogi
855,checkmate,Simple Chess
1590,checkmate,Simpleton's and Henry the VIII Chess
1756,checkmate,SimpleX Chess
1591,checkmate,Simplified Chess
3037,checkmate,Single Check Chess
2330,checkmate,Sino Chess
1242,checkmate,Sino-European Chess
856,checkmate,Sissa
1259,checkmate,Skandaran Chess
2701,checkmate,Skate Shogi
3091,checkmate,Skate Shogi Variant
1159,checkmate,Sky
2791,checkmate,Small Kyo Shogi
2792,checkmate,Small Kyo Shogi Variant
2793,checkmate,Small KyoSho Vs Knight Shogi
1521,checkmate,Spartan Skaki
2837,checkmate,Speed Shogi
1751,checkmate,Spherical Chess 400
860,checkmate,Sphinx Chess
861,checkmate,Spiral Staircase Chess
2631,checkmate,Spock
625,checkmate,Squadron Chess
102,checkmate,ST3D Chess - 'Borg Queen' variant
103,checkmate,ST3D Chess - 'First Contact' variant
104,checkmate,ST3D Chess - 'Neutral Zone' variant
105,checkmate,ST3D Chess - 'Transporter Pad' variant
106,checkmate,ST3D Chess - 'Warp Factor' variant
91,checkmate,ST3d Chess - Kobayashi Maru variant
862,checkmate,Stability Chess
1414,checkmate,Stahlberg Chess
2331,checkmate,Stalemate Chess
863,checkmate,Star Pool Chess
2037,checkmate,Star Trek Chess
865,checkmate,Stations
866,checkmate,Statues Chess
2917,checkmate,Steal Shogi
1626,checkmate,Stealth Ninja Chess
2920,checkmate,Stealth Shogi
2922,checkmate,Stealth Shogi Variant
990,checkmate,Stegeborg
1338,checkmate,Stheno Chess
867,checkmate,Sticky Chess
868,checkmate,Sting Chess
1415,checkmate,Stoltz Chess
869,checkmate,Storm the Ivory Tower
871,checkmate,String Chess
872,checkmate,Stroebeck Crisis Chess
2772,checkmate,Stun Shogi
1605,checkmate,SUCCHESS
873,checkmate,Sudden Death Chess
1195,checkmate,Sudoku Chess
1920,checkmate,Sultan Checkers
874,checkmate,Super Chess
1640,checkmate,Super Knights Grand Chess
2083,checkmate,Super Shogi
1439,checkmate,Super Stars Chess
3019,checkmate,Super X Chess
875,checkmate,SwapChess
2665,checkmate,SwapperGold  Shogi
2680,checkmate,Swapping Shogi
1399,checkmate,Swedish Cannon Chess
1214,checkmate,Swedish Chess
857,checkmate,Symmetric Sissa
792,checkmate,Symmetrical Chess Collection
1530,checkmate,Synergy Chess
779,other,Sabin Rains
993,other,Sabotage
2589,other,Sahkku
780,other,Sailing For Two
1878,other,Salt 'n' Pepper
784,other,Salta
2955,other,Salta (MW)
785,other,SanQi
786,other,Scala
2334,other,Scandinavian Checkers
787,other,Score4
788,other,Scrabl
1297,other,Scrabl-Deutsch
1533,other,Scrabwalk
789,other,Scribble
790,other,Scribble II
1455,other,Seedling
791,other,Select-by-grp
1955,other,Selene
1772,other,Selfo
2449,other,Selus and Gabata
1450,other,Senet
793,other,Senryaku
794,other,Seth
2803,other,Seven Sages
3233,other,Shafran's Checkers
1561,other,Shannon
2642,other,Shisima
795,other,Shove Off
1924,other,Siamese Checkers
796,other,SideKicker
315,other,Sidewinder
2100,other,Siege
1712,other,Siege (Castle Checkers)
797,other,Silent Armada
798,other,Sim
1545,other,Similarity
1015,other,Sk&auml;llviksborg
799,other,Skarphagen
275,other,Skava
800,other,Slimetrail
1016,other,Slottsholmen
859,other,Smackdown Chess
801,other,Snailtrail
2268,other,SnakesnLadders
803,other,Soccer
1907,other,Socker
804,other,SolLune
2046,other,Songcatki
2062,other,Songsaki
2063,other,Songsaki169
805,other,Sophia
1081,other,Sortie
1684,other,SOS
2592,other,Spanish Checkers Variants
806,other,Spark
802,other,Speed Soccolot
1713,other,Sphinx
807,other,Spider
808,other,Spiral Nim
1929,other,Splay
809,other,Splotch
2368,other,Splut!
1664,other,Springboard
810,other,Squabble
811,other,Square Down
2005,other,"Square The Rectangle, Large Board"
816,other,Squared and Crossed
979,other,Squaredance
1941,other,Squaro For Two
2495,other,Squer
2119,other,Stamboll D�mA
817,other,Starlet and her faithful Dogs
864,other,Stationary Chess
2247,other,Stavropol Checkers
813,other,Sticks For Two
814,other,Sticks Ortho
818,other,Sticks-3D
812,other,Sticks-Dia
3126,other,Stigmergy
2594,other,Stockholm Checkers
2070,other,Stoical Go
1347,other,Stoplight Mancala
1054,other,Straight For Two
1076,other,Straight-Dia For Two
1524,other,Stratagemo
1166,other,Streets
2018,other,Subjugatio Rebellium (26 Rebels)
1186,other,Suco
1548,other,Summerwings
819,other,Super Blue & Gray
2027,other,Supergrid
820,other,SuperJoust
272,other,Superstring
821,other,Surakarta
822,other,Susan
1028,other,Sveaborg
2600,other,Swedish Draughts
1723,other,Symphony
895,solitaire,Tangram
896,solitaire,Telephone
1122,solitaire,Telephone II
647,solitaire,Telescope
1088,solitaire,Tetrads
897,solitaire,Tetrasticks
1740,solitaire,The Eight Engines Puzzle
1827,solitaire,The Gingko Tile
1801,solitaire,The Hobbit Chess
898,solitaire,Three Rings
899,solitaire,Tile Flips
885,solitaire,Tilt
1022,solitaire,Tilt 3
886,solitaire,Tilt II
1991,solitaire,TiltBox
2010,solitaire,TiltHex
2300,solitaire,TorontoPanAm-agrams
900,solitaire,Touched Twice
1719,solitaire,Towers of Hanoi (KS)
901,solitaire,Towers of Toronto
477,solitaire,Traffic Lights
902,solitaire,Train
903,solitaire,Train II
904,solitaire,Train III
1008,solitaire,Train Set
905,solitaire,Transform
1959,solitaire,Treasure Hunt
1769,solitaire,Trespass
1994,solitaire,TriBox
906,solitaire,Triki
1070,solitaire,Triple
1757,solitaire,Trithello
1972,solitaire,TriWriggle
9,solitaire,Turing Machine
10,solitaire,Turing Machine II
1172,solitaire,Tuzz
1497,solitaire,Twentysix
1861,solitaire,Twiki
1066,solitaire,Twin
907,solitaire,Twin Maze
908,solitaire,Twist
909,solitaire,Twist II
910,solitaire,Twisted Tour
1210,checkmate,Tablut
976,checkmate,Tactics
3009,checkmate,Tai Shogi (25x25) System A
3010,checkmate,Tai Shogi (25x25) System B
3011,checkmate,Tai Shogi (25x25) System C
2690,checkmate,Taiko Shogi
3007,checkmate,Taikyoku Shogi (36x36)
870,checkmate,Take The Brain
3093,checkmate,Tamerlane Chess
1879,checkmate,TargeT Chess
913,checkmate,Tauschach
2682,checkmate,Tavreli
3098,checkmate,Teleportation King Shogi
2918,checkmate,Tenjiku Dai Shogi 16x16
2921,checkmate,Tenjiku Dai Shogi 16x16 variant
2602,checkmate,Tenjiku Shogi (for 2 players)
2711,checkmate,Tenjiku-AnHoku Shogi
2716,checkmate,Tenjiku-AnKi Shogi
2704,checkmate,Tenjiku-AnNan Shogi
2709,checkmate,Tenjiku-AnToZai Shogi
914,checkmate,Terrace
915,checkmate,Terrain Chess
916,checkmate,Terror Chess
1887,checkmate,Teutonic Chess
1774,checkmate,ThanksGiving Delight
1229,checkmate,The Demon Game
2969,checkmate,The Duke
571,checkmate,The Epic
1397,checkmate,The Invisible Man - Chess
1368,checkmate,The Pattern Game
2640,checkmate,The Real Chess
2641,checkmate,The Real Chess Mis�re
2160,checkmate,The Royal Chess
1348,checkmate,The ShortRange Project
2218,checkmate,The Three Musketeers
3146,checkmate,The Three Musketeers (RZ)
2213,checkmate,The Universal and Capablanca chess
2035,checkmate,Thoth
1335,checkmate,Thraex Chess
917,checkmate,Three Checks Chess
2691,checkmate,ThreePawns Shogi
1874,checkmate,Throne Chess
3131,checkmate,Tigard Chess
3132,checkmate,Tigard Chess Mis�re
3279,checkmate,Tigardess Chess
3280,checkmate,Tigardess Chess Mis�re
3284,checkmate,Tigardesses Chess
3285,checkmate,Tigardesses Chess Mis�re
2668,checkmate,Tiger Chess
2669,checkmate,Tiger Chess Mis�re
2931,checkmate,Tigers Chess
2932,checkmate,Tigers Chess Mis�re
3122,checkmate,Tigon Chess
3123,checkmate,Tigon Chess Mis�re
3266,checkmate,Tigoness Chess
3267,checkmate,Tigoness Chess Mis�re
3270,checkmate,Tigonesses Chess
3271,checkmate,Tigonesses Chess Mis�re
3135,checkmate,Tigress Chess
3136,checkmate,Tigress Chess Mis�re
3127,checkmate,Tiguar Chess
3128,checkmate,Tiguar Chess Mis�re
3261,checkmate,Tiguaress Chess
3262,checkmate,Tiguaress Chess Mis�re
3275,checkmate,Tiguaresses Chess
3276,checkmate,Tiguaresses Chess Mis�re
921,checkmate,Tim's 3D Chess
922,checkmate,Tim's 4x8x4 3D Chess
977,checkmate,Tim's 6x6x6 3D Chess
3257,checkmate,Tipardess Chess
3258,checkmate,Tipardess Chess Mis�re
923,checkmate,Tishai
924,checkmate,Toe-to-Toe Chess
2662,checkmate,Tokin First Shogi
1777,checkmate,Too Much Chess
1463,checkmate,Tori Shogi
2939,checkmate,Tori Shogi 7x7
925,checkmate,Toroidal Byzantine Chess
926,checkmate,Toroidal Byzantine Chess Rectangular
3111,checkmate,Toroidal Chess
3059,checkmate,Torpedo Chess
927,checkmate,Torus Chess
2760,checkmate,Torus Shogi
1758,checkmate,TorusChess 8x8
1420,checkmate,TorusChess-JW
1396,checkmate,TorusChess10x10
928,checkmate,Towers
1251,checkmate,Traded Places Chess
929,checkmate,Trans-Dimensional Chess
930,checkmate,Transfer Chess
931,checkmate,Transparent Chess
2252,checkmate,Transport Chess
932,checkmate,Transpose Chess
1386,checkmate,Trebuchet Chess
933,checkmate,Trek71 Chess
934,checkmate,Tri-Ashtapada Chess
1451,checkmate,TriBoChess
1747,checkmate,TriChess
1975,checkmate,TriChess for 2
2692,checkmate,Triple Move Shogi
2677,checkmate,TripleMove Shogi with different pieces
935,checkmate,Triplets Chess
1706,checkmate,Troitzky Chess
936,checkmate,Trophy Chess
2744,checkmate,True AntiCirce Shogi
2769,checkmate,True Checkers Shogi (True Diamond Shogi)
2865,checkmate,True Chu Shogi
2870,checkmate,True Chu Shogi Variant
2742,checkmate,True Circe Shogi
2864,checkmate,True Dai Shogi
2754,checkmate,True Forced Capture Shogi
2717,checkmate,True Isardam (type A) Shogi
2743,checkmate,True PlatzWechselCirce (PWC) Shogi
2856,checkmate,True Speed Shogi
2775,checkmate,True Stun Shogi
2748,checkmate,True Tokin First Shogi
2718,checkmate,True-Isardam (type B) Shogi
2661,checkmate,Try Shogi
892,checkmate,Tunneler
1355,checkmate,Turret Chess
3184,checkmate,Turtle Shell Chess
937,checkmate,Tutti Frutti Chess
938,checkmate,Twin Chess
1868,checkmate,Twin Chess by AepasA
1232,checkmate,Twinmove Chess
1956,checkmate,Twins Chess
2484,checkmate,Two Birds Cram Chess
939,checkmate,Two Pipe Chess
2749,checkmate,Two Stage Move Shogi
1669,checkmate,Typhoon
1729,checkmate,Tyrannos
1428,other,T&uuml;rkiye Chess
1644,other,TaflChess
877,other,Take
878,other,Tallyho!
1456,other,Tanbo
2443,other,Tchuka Ruma
655,other,Teeko
879,other,Tessa
880,other,Thataway
1588,other,"The Good, the Bad and the Ugly"
1363,other,The Invisible Man - Checkers
662,other,The Old Man and the Board Games
2645,other,The Real D�mA
2646,other,The Real D�mA Mis�re
881,other,This or That
1126,other,Thrall
883,other,Three Crowns
876,other,Three Musketeers
2224,other,Thud
1819,other,Tibetan Gundru
884,other,Tic-Tac-D'oh
3079,other,Ticino Checkers
3133,other,Tigard D�mA
3134,other,Tigard D�mA Mis�re
3281,other,Tigardess D�mA
3282,other,Tigardess D�mA Mis�re
3286,other,Tigardesses D�mA
3287,other,Tigardesses D�mA Mis�re
2674,other,Tiger D�mA
2675,other,Tiger D�mA Mis�re
2933,other,Tigers D�mA
2934,other,Tigers D�mA Mis�re
3124,other,Tigon D�mA
3125,other,Tigon D�mA Mis�re
3268,other,Tigoness D�mA
3269,other,Tigoness D�mA Mis�re
3272,other,Tigonesses D�mA
3273,other,Tigonesses D�mA Mis�re
3137,other,Tigress D�mA
3138,other,Tigress D�mA Mis�re
3129,other,Tiguar D�mA
3130,other,Tiguar D�mA Mis�re
3263,other,Tiguaress D�mA
3264,other,Tiguaress D�mA Mis�re
3277,other,Tiguaresses D�mA
3278,other,Tiguaresses D�mA Mis�re
887,other,Timeline
3259,other,Tipardess D�mA
3260,other,Tipardess D�mA Mis�re
3151,other,Tobit
888,other,Toggles
2664,other,Toguz Kumalak
1633,other,Toppla
889,other,Tourney
1240,other,Trap
890,other,Trax
1962,other,Treasure Hunt For Two
1785,other,Tri-Hex
1691,other,Trident
3214,other,TriGo
891,other,TriTrap
1464,other,Trophy Hunt Chess
1431,other,Turkish Chess
1566,other,Turkish D�mA
893,other,Turkish Draughts
1563,other,T�rkiye D�mAsi
978,other,Twist-Tac-Toe
894,other,Twixt
1701,other,Tyr
424,other,Tyska Torget
963,solitaire,UFO-Logic
1057,solitaire,Unblock
964,solitaire,Uncover
1470,solitaire,Unloop
965,solitaire,Unmatch
966,solitaire,Unplay Chess
967,solitaire,Up And Down
766,checkmate,Ultima Alt
2031,checkmate,Ultimate Chess
940,checkmate,Ultra Chess
941,checkmate,Unirexal Chess
2650,checkmate,unReal Chess
2651,checkmate,unReal Chess Mis�re
1467,checkmate,Urschach
314,other,Ugly Duck
949,other,Uisge
1602,other,Umbra
950,other,Under Pressure
2658,other,unReal D�mA
2659,other,unReal D�mA Mis�re
951,other,Up And Down for Two
2262,other,Ur
911,solitaire,Vexed
1564,solitaire,Via Longo
2021,checkmate,Valiant Chess
489,checkmate,van Gennip's Hexagonal Chess
2054,checkmate,Variable Chess
2853,checkmate,Variable Promotion Shogi
2937,checkmate,Vector Shogi
1866,checkmate,Veles Chess
1329,checkmate,Venator Chess
1748,checkmate,Venomous
1514,checkmate,VerA Chess
2488,checkmate,VerA D�mA
2770,checkmate,Vertical-Neko Shogi
2771,checkmate,Vertical-NekoNeko Shogi
1500,checkmate,VesA Chess
2489,checkmate,VesA D�mA
942,checkmate,Vortex Chess
532,other,Vanakriget
2608,other,Vanguard Draughts
1847,other,Vertical Order and Chaos
882,other,Vertical TicTacToe
1892,other,Verto
457,other,Vilbergen
2043,other,Vimbre
2437,other,Viruses
952,other,Vrinnevi
968,solitaire,W-o-r-d-e-r
1089,solitaire,Wang
2002,solitaire,Water Colours
2003,solitaire,Water Colours II
969,solitaire,Wazir Challenge
1489,solitaire,"Whitey, the Polar Bear"
2,solitaire,Wireworlds
1798,solitaire,WordFind puzzles with constructor
1535,solitaire,Wordsnake
1977,solitaire,Wriggle
1473,checkmate,Wa Shogi
2908,checkmate,Wa Shogi 11x11
3145,checkmate,Wa Shogi Fantasy Mod
2899,checkmate,Wa Shogi variants (with mnemonic set of pieces)
1402,checkmate,War of the World's Warriors
1032,checkmate,WarChess1
1034,checkmate,warchess2
1516,checkmate,Warlock Chess
943,checkmate,Weak!
944,checkmate,Weave & Dungeon
1468,checkmate,Whale Shogi
1479,checkmate,Wildebeest Chess
2187,checkmate,Windows Chess
1637,checkmate,Winther's Chess
3174,checkmate,WojiaoQi
3029,checkmate,Wolf Chess
3030,checkmate,Wolf Chess Mis�re
3118,checkmate,Wolves Chess
3119,checkmate,Wolves Chess Mis�re
1641,checkmate,Wreckage!
945,checkmate,Wuss
953,other,Wall-Eaters
1881,other,Wallop
954,other,Walls
228,other,Wari
1155,other,Water War
2577,other,Watermelon Board Game
1731,other,Whiz-Bang
955,other,Wild Goose Chase
956,other,Windmill
957,other,Witch-Hunting
3031,other,Wolf D�mA
3032,other,Wolf D�mA Mis�re
3120,other,Wolves D�mA
3121,other,Wolves D�mA Mis�re
1201,other,Wordhunt
985,other,WordJotto
273,other,Wormhole
1206,solitaire,X-ray
1226,solitaire,X-ray II
1884,checkmate,X-Chess
1105,checkmate,Xhatranj
1645,checkmate,Xiang Hex
2813,checkmate,Xiangqi vs Janggi
958,other,Ximaera
441,solitaire,Y-Backtrack
25,solitaire,Y-Primes
26,solitaire,Ypento
370,checkmate,Y&aacute;ng Q&iacute;
2726,checkmate,Yari Shogi
946,checkmate,YiTong
2273,checkmate,Yonin Shogi
959,other,Y
960,other,Yot&eacute;
961,other,Yucata&#146;
1654,solitaire,Zlide
947,checkmate,Z-Axial Chess
948,checkmate,Z-Chess
1037,checkmate,zcherryz
1421,checkmate,Zeppelin Chess
1109,checkmate,Zhou Xia
1655,checkmate,ZigZag Madness
2093,checkmate,ZOT Chess
1211,other,Z-Pente
1190,other,Zamma
1287,other,Zen the initiate
1042,other,Zhadu
1988,other,Zig-Zag
425,other,Zonesh
962,other,zProton
2335,solitaire,104Card-OddandEven
1793,solitaire,16Plus
1780,solitaire,3-D Knight
1392,solitaire,3D-Mazes
2064,solitaire,6Suit-Card-Carpet
2073,solitaire,6Suit-Card-Gaps
2049,solitaire,6Suit-Card-Pairs
1796,solitaire,9Plus
1837,solitaire,9Plus-easy
1789,checkmate,10-Directional Chess
2893,checkmate,10x10 Heisei Shogi
2894,checkmate,10x10 Heisei Shogi Variant
2787,checkmate,11x11 Shogi (Wide Shogi)
1974,checkmate,3 Kings Chess
3036,checkmate,3D Arimaa
381,checkmate,3D Chess
918,checkmate,3D Hexagonal Chess
1120,checkmate,3D Hook-Move Chess
919,checkmate,3D Shogi
920,checkmate,3D Xiang Qi
2873,checkmate,3x5 TresureSHOGI
2876,checkmate,3x5 True TresureSHOGI
1191,checkmate,4-handed Chaturanga with dice
1202,checkmate,4-handed Shatranj
2485,checkmate,4-Player Chess
380,checkmate,4D Chess
2871,checkmate,4x6 LeSHOGI
2874,checkmate,4x6 True LeSHOGI
2872,checkmate,4x7 LeSHOGI7
2875,checkmate,4x7 True LeSHOGI7
379,checkmate,5D Chess
2779,checkmate,5x6 Shogi
2900,checkmate,5x7 Shogi
2901,checkmate,5x8 Shogi
858,checkmate,6D Chess
2784,checkmate,6x6 Shogi (Judkins shogi)
2785,checkmate,7x7 Shogi (Very Narrow Shogi)
2786,checkmate,9x7 Shogi (Narrow Shogi)
2058,checkmate,[1-2-1 ... ] Amazon Chess
2056,checkmate,[1-2-1 ... ] Amazons Chess
2055,checkmate,[1-2-1 ... ] Amazons D�mA
2059,checkmate,[1-2-1 ... ] Chess
1838,checkmate,[10x10] Chess
1862,checkmate,[4x4] Chess
1858,checkmate,[5x5] Chess
1853,checkmate,[6x6] Chess
1848,checkmate,[7x7] Chess
1831,checkmate,[8x8] Chess
1833,checkmate,[9x9] Chess
2105,checkmate,[Bishopless] Chess
1889,checkmate,[Blue] RiveR Chess
2068,checkmate,[Fearless Bishops] Chess
2076,checkmate,[Fearless King] Chess
2067,checkmate,[Fearless Knights] Chess
2061,checkmate,[Fearless Pawns] Chess
2075,checkmate,[Fearless Queen] Chess
2071,checkmate,[Fearless Rooks] Chess
2069,checkmate,[Fearless vs] Chess
2082,checkmate,[Fearless] Chess
1508,checkmate,[InVisible] AepasAs
2102,checkmate,[Kingless] Chess
2104,checkmate,[Knightless] Chess
1865,checkmate,[nxn] Chess
2108,checkmate,[Pawnless] Chess
2109,checkmate,[Pieceless] Chess
2103,checkmate,[Queenless] Chess
2107,checkmate,[Rookless] Chess
2112,checkmate,[Royalless] Chess
1639,other,300 Spartans
418,other,4D Tic-Tac-Toe
1893,other,[Yellow] RiveR Chess
1005,other,_ByRandom
